name,category_list,market,funding_total_usd,status,country_code,state_code,region,city,funding_rounds,founded_at,founded_month,founded_quarter,founded_year,first_funding_at,last_funding_at,seed,venture,equity_crowdfunding,undisclosed,convertible_note,debt_financing,angel,grant,private_equity,post_ipo_equity,post_ipo_debt,secondary_market,product_crowdfunding,round_A,round_B,round_C,round_D,round_E,round_F,round_G,round_H
360pi,|Semantic Web|Artificial Intelligence|Shopping|Personalization|Sales and Marketing|Web Development|Software|, Artificial Intelligence ,4100000.0,operating,CAN,ON,Ottawa,Ottawa,2.0,2007-07-01,2007-07-01,2007-Q3,2007,2012-04-20,2013-08-18,0.0,4100000.0,0.0,0.0,0.0,0.0,0.0,0.0,0.0,0.0,0.0,0.0,0.0,0.0,0.0,0.0,0.0,0.0,0.0,0.0,0.0
365looks,|Artificial Intelligence|Technology|Fashion|, Fashion ,73047.0,operating,ESP,,ESP - Other,,2.0,2011-12-12,2011-12-01,2011-Q4,2011,2011-12-01,2012-07-01,73047.0,0.0,0.0,0.0,0.0,0.0,0.0,0.0,0.0,0.0,0.0,0.0,0.0,0.0,0.0,0.0,0.0,0.0,0.0,0.0,0.0
405Labs,|Machine Learning|Network Security|, Machine Learning ,81000.0,operating,USA,CA,San Diego,San Diego,1.0,2014-01-01,2014-01-01,2014-Q1,2014,2014-10-22,2014-10-22,0.0,81000.0,0.0,0.0,0.0,0.0,0.0,0.0,0.0,0.0,0.0,0.0,0.0,0.0,0.0,0.0,0.0,0.0,0.0,0.0,0.0
AdStage,|Sales and Marketing|SEO|Internet|Software|Enterprises|Machine Learning|Search|Social Media|Advertising|, Software ,8750000.0,operating,USA,CA,SF Bay Area,San Francisco,4.0,2012-05-01,2012-05-01,2012-Q2,2012,2013-03-01,2014-08-13,2500000.0,6250000.0,0.0,0.0,0.0,0.0,0.0,0.0,0.0,0.0,0.0,0.0,0.0,6250000.0,0.0,0.0,0.0,0.0,0.0,0.0,0.0
ADTELLIGENCE,|Customer Service|Reviews and Recommendations|Optimization|Machine Learning|Personalization|E-Commerce|, Machine Learning ,,operating,DEU,,Frankfurt,Mannheim,3.0,2009-05-05,2009-05-01,2009-Q2,2009,2009-01-01,2013-01-01,0.0,0.0,0.0,0.0,0.0,0.0,0.0,0.0,0.0,0.0,0.0,0.0,0.0,0.0,0.0,0.0,0.0,0.0,0.0,0.0,0.0
AfterCollege,|Machine Learning|Employment|Education|, Machine Learning ,,operating,USA,CA,SF Bay Area,San Francisco,2.0,1999-10-25,1999-10-01,1999-Q4,1999,2011-11-01,2014-09-01,0.0,0.0,0.0,0.0,0.0,0.0,0.0,0.0,0.0,0.0,0.0,0.0,0.0,0.0,0.0,0.0,0.0,0.0,0.0,0.0,0.0
Agolo,|Natural Language Processing|Twitter Applications|Curated Web|, Twitter Applications ,40000.0,operating,USA,NY,New York City,New York,1.0,2012-12-07,2012-12-01,2012-Q4,2012,2013-06-03,2013-06-03,40000.0,0.0,0.0,0.0,0.0,0.0,0.0,0.0,0.0,0.0,0.0,0.0,0.0,0.0,0.0,0.0,0.0,0.0,0.0,0.0,0.0
aiHit,|Artificial Intelligence|Business Intelligence|Machine Learning|Consulting|Analytics|, Artificial Intelligence ,7500000.0,operating,,,,,2.0,2007-01-01,2007-01-01,2007-Q1,2007,2007-12-12,2011-10-07,2000000.0,5500000.0,0.0,0.0,0.0,0.0,0.0,0.0,0.0,0.0,0.0,0.0,0.0,5500000.0,0.0,0.0,0.0,0.0,0.0,0.0,0.0
Aivo,|Chat|Customer Support Tools|Artificial Intelligence|Customer Service|, Artificial Intelligence ,350000.0,operating,ARG,,"Cordoba, ARG",Córdoba,1.0,2011-06-01,2011-06-01,2011-Q2,2011,2013-12-15,2013-12-15,350000.0,0.0,0.0,0.0,0.0,0.0,0.0,0.0,0.0,0.0,0.0,0.0,0.0,0.0,0.0,0.0,0.0,0.0,0.0,0.0,0.0
AlchemyAPI,|Text Analytics|Big Data Analytics|Big Data|Machine Learning|Artificial Intelligence|Developer APIs|Computer Vision|Natural Language Processing|Enterprise Software|, Computer Vision ,2000000.0,operating,USA,CO,Denver,Denver,1.0,2005-01-01,2005-01-01,2005-Q1,2005,2013-02-15,2013-02-15,0.0,2000000.0,0.0,0.0,0.0,0.0,0.0,0.0,0.0,0.0,0.0,0.0,0.0,2000000.0,0.0,0.0,0.0,0.0,0.0,0.0,0.0
Analogy Co.,|Artificial Intelligence|Knowledge Management|, Artificial Intelligence ,250000.0,operating,,,,,1.0,2014-01-01,2014-01-01,2014-Q1,2014,2014-01-01,2014-01-01,0.0,0.0,0.0,0.0,0.0,0.0,250000.0,0.0,0.0,0.0,0.0,0.0,0.0,0.0,0.0,0.0,0.0,0.0,0.0,0.0,0.0
angelcam,|Machine Learning|Computer Vision|Analytics|Internet of Things|Security|, Analytics ,329600.0,operating,USA,CA,SF Bay Area,Mountain View,4.0,2011-03-16,2011-03-01,2011-Q1,2011,2011-07-07,2014-07-04,329600.0,0.0,0.0,0.0,0.0,0.0,0.0,0.0,0.0,0.0,0.0,0.0,0.0,0.0,0.0,0.0,0.0,0.0,0.0,0.0,0.0
Anki,|Robotics|Games|Entertainment|Cars|Artificial Intelligence|Consumer Electronics|Hardware + Software|, Entertainment ,105000000.0,operating,USA,CA,SF Bay Area,San Francisco,2.0,2010-01-05,2010-01-01,2010-Q1,2010,2013-06-01,2014-09-26,0.0,105000000.0,0.0,0.0,0.0,0.0,0.0,0.0,0.0,0.0,0.0,0.0,0.0,0.0,0.0,55000000.0,0.0,0.0,0.0,0.0,0.0
Appforma,|Social Media Marketing|Internet Marketing|Artificial Intelligence|Business Intelligence|Advertising|, Social Media Marketing ,2200000.0,operating,ISR,,Tel Aviv,Tel Aviv,3.0,2011-07-01,2011-07-01,2011-Q3,2011,2013-02-01,2014-02-25,2200000.0,0.0,0.0,0.0,0.0,0.0,0.0,0.0,0.0,0.0,0.0,0.0,0.0,0.0,0.0,0.0,0.0,0.0,0.0,0.0,0.0
appweevr,|Ad Targeting|Natural Language Processing|Big Data|Analytics|, Ad Targeting ,3735292.0,operating,,,,,1.0,2011-01-01,2011-01-01,2011-Q1,2011,2011-01-01,2011-01-01,3735292.0,0.0,0.0,0.0,0.0,0.0,0.0,0.0,0.0,0.0,0.0,0.0,0.0,0.0,0.0,0.0,0.0,0.0,0.0,0.0,0.0
Arago AG,|Artificial Intelligence|Services|Information Technology|, Artificial Intelligence ,55000000.0,operating,DEU,,Frankfurt,Frankfurt,1.0,1995-01-01,1995-01-01,1995-Q1,1995,2014-10-16,2014-10-16,0.0,0.0,0.0,0.0,0.0,0.0,0.0,0.0,55000000.0,0.0,0.0,0.0,0.0,0.0,0.0,0.0,0.0,0.0,0.0,0.0,0.0
As It Is,|Semantic Web|Artificial Intelligence|Networking|Web Hosting|, Web Hosting ,3000000.0,operating,USA,NY,Buffalo,Buffalo,1.0,1999-01-01,1999-01-01,1999-Q1,1999,2008-02-25,2008-02-25,0.0,0.0,0.0,0.0,0.0,0.0,3000000.0,0.0,0.0,0.0,0.0,0.0,0.0,0.0,0.0,0.0,0.0,0.0,0.0,0.0,0.0
Ask Ziggy,|Neuroscience|Natural Language Processing|Virtual Workforces|iOS|Android|Windows Phone 7|Mobile|Artificial Intelligence|Search|, Search ,3500000.0,operating,USA,CA,Sacramento,Rocklin,1.0,,,,,2012-08-14,2012-08-14,0.0,3500000.0,0.0,0.0,0.0,0.0,0.0,0.0,0.0,0.0,0.0,0.0,0.0,0.0,0.0,0.0,0.0,0.0,0.0,0.0,0.0
Athletic Standard,|Networking|Social Media|Artificial Intelligence|World Domination|SEO|Sports|, Networking ,100000.0,operating,USA,MA,Boston,Cambridge,1.0,2010-12-01,2010-12-01,2010-Q4,2010,2011-01-01,2011-01-01,100000.0,0.0,0.0,0.0,0.0,0.0,0.0,0.0,0.0,0.0,0.0,0.0,0.0,0.0,0.0,0.0,0.0,0.0,0.0,0.0,0.0
AtlanteTrek,|Artificial Intelligence|Reputation|Social Media|Software|, Artificial Intelligence ,50000.0,closed,USA,WA,Seattle,Seattle,1.0,2009-12-01,2009-12-01,2009-Q4,2009,2011-02-05,2011-02-05,0.0,0.0,0.0,0.0,0.0,0.0,0.0,50000.0,0.0,0.0,0.0,0.0,0.0,0.0,0.0,0.0,0.0,0.0,0.0,0.0,0.0
Aureus Analytics,|Application Platforms|Insurance|Predictive Analytics|Machine Learning|Visualization|Analytics|, Application Platforms ,850000.0,operating,SGP,,Singapore,Singapore,1.0,2013-05-16,2013-05-01,2013-Q2,2013,2014-11-14,2014-11-14,0.0,0.0,0.0,0.0,0.0,0.0,850000.0,0.0,0.0,0.0,0.0,0.0,0.0,0.0,0.0,0.0,0.0,0.0,0.0,0.0,0.0
Automated Insights,|Artificial Intelligence|Business Intelligence|Big Data|Automotive|Analytics|, Automotive ,10800000.0,operating,USA,NC,Raleigh,Durham,3.0,2007-06-01,2007-06-01,2007-Q2,2007,2010-08-01,2014-06-30,0.0,10800000.0,0.0,0.0,0.0,0.0,0.0,0.0,0.0,0.0,0.0,0.0,0.0,5300000.0,5500000.0,0.0,0.0,0.0,0.0,0.0,0.0
AvantCredit,|Analytics|Machine Learning|Finance Technology|Financial Services|Personal Finance|Finance|, Finance ,509000000.0,operating,USA,IL,Chicago,Chicago,6.0,2012-11-01,2012-11-01,2012-Q4,2012,2013-05-08,2014-08-21,0.0,109000000.0,0.0,0.0,0.0,400000000.0,0.0,0.0,0.0,0.0,0.0,0.0,0.0,9000000.0,25000000.0,75000000.0,0.0,0.0,0.0,0.0,0.0
Avaz,|Neuroscience|Natural Language Processing|Teachers|Language Learning|Apps|Education|, Neuroscience ,550000.0,operating,IND,,Chennai,Chennai,1.0,2009-01-01,2009-01-01,2009-Q1,2009,2014-04-22,2014-04-22,550000.0,0.0,0.0,0.0,0.0,0.0,0.0,0.0,0.0,0.0,0.0,0.0,0.0,0.0,0.0,0.0,0.0,0.0,0.0,0.0,0.0
AYLIEN,|Big Data|Natural Language Processing|Blogging Platforms|News|Semantic Web|Software|, Semantic Web ,500000.0,operating,IRL,,Dublin,Dublin,1.0,2011-01-01,2011-01-01,2011-Q1,2011,2011-04-01,2011-04-01,500000.0,0.0,0.0,0.0,0.0,0.0,0.0,0.0,0.0,0.0,0.0,0.0,0.0,0.0,0.0,0.0,0.0,0.0,0.0,0.0,0.0
Babelverse,|Crowdsourcing|Hospitality|Tourism|Social Travel|Travel|Mobile|Skill Assessment|Natural Language Processing|Communications Infrastructure|Collaborative Consumption|Communities|Language Learning|World Domination|Events|Consumer Electronics|Translation|Real, Communities ,240000.0,operating,GBR,,London,London,3.0,2010-10-23,2010-10-01,2010-Q4,2010,2011-05-01,2013-03-18,240000.0,0.0,0.0,0.0,0.0,0.0,0.0,0.0,0.0,0.0,0.0,0.0,0.0,0.0,0.0,0.0,0.0,0.0,0.0,0.0,0.0
Band Metrics,|Technology|Reputation|Big Data Analytics|Machine Learning|Natural Language Processing|Opinions|Music|, Machine Learning ,,operating,USA,GA,Atlanta,Atlanta,2.0,2008-01-01,2008-01-01,2008-Q1,2008,2008-11-24,2009-09-23,0.0,0.0,0.0,0.0,0.0,0.0,0.0,0.0,0.0,0.0,0.0,0.0,0.0,0.0,0.0,0.0,0.0,0.0,0.0,0.0,0.0
behaview,|Big Data|Machine Learning|Analytics|Advertising|, Big Data ,250000.0,operating,USA,CA,SF Bay Area,San Francisco,2.0,2013-09-01,2013-09-01,2013-Q3,2013,2013-11-01,2014-02-01,0.0,0.0,0.0,0.0,0.0,0.0,250000.0,0.0,0.0,0.0,0.0,0.0,0.0,0.0,0.0,0.0,0.0,0.0,0.0,0.0,0.0
BeliefNetworks,|Machine Learning|Predictive Analytics|Software|, Machine Learning ,3486023.0,operating,USA,SC,"Charleston, South Carolina",Charleston,2.0,2007-01-01,2007-01-01,2007-Q1,2007,2008-12-01,2009-05-22,1400000.0,2086023.0,0.0,0.0,0.0,0.0,0.0,0.0,0.0,0.0,0.0,0.0,0.0,0.0,0.0,0.0,0.0,0.0,0.0,0.0,0.0
Big Data Partnership,|Big Data Analytics|Software|Machine Learning|Big Data|Consulting|, Big Data Analytics ,2092750.0,operating,GBR,,London,London,1.0,2012-01-01,2012-01-01,2012-Q1,2012,2014-06-05,2014-06-05,0.0,2092750.0,0.0,0.0,0.0,0.0,0.0,0.0,0.0,0.0,0.0,0.0,0.0,2092750.0,0.0,0.0,0.0,0.0,0.0,0.0,0.0
BigML,|Predictive Analytics|Big Data|Machine Learning|Software|, Big Data ,1633000.0,operating,USA,OR,"Salem, Oregon",Corvallis,3.0,2011-01-01,2011-01-01,2011-Q1,2011,2011-08-31,2014-06-25,1400000.0,233000.0,0.0,0.0,0.0,0.0,0.0,0.0,0.0,0.0,0.0,0.0,0.0,0.0,0.0,0.0,0.0,0.0,0.0,0.0,0.0
biicode,|Software|Artificial Intelligence|Robotics|Developer Tools|, Robotics ,384000.0,operating,ESP,,Madrid,Madrid,1.0,2012-01-14,2012-01-01,2012-Q1,2012,2012-11-06,2012-11-06,0.0,0.0,0.0,384000.0,0.0,0.0,0.0,0.0,0.0,0.0,0.0,0.0,0.0,0.0,0.0,0.0,0.0,0.0,0.0,0.0,0.0
BISON,|Venture Capital|Artificial Intelligence|Finance|, Venture Capital ,1235000.0,operating,USA,MA,Boston,Boston,2.0,2011-05-01,2011-05-01,2011-Q2,2011,2012-12-31,2014-10-01,1235000.0,0.0,0.0,0.0,0.0,0.0,0.0,0.0,0.0,0.0,0.0,0.0,0.0,0.0,0.0,0.0,0.0,0.0,0.0,0.0,0.0
Blueprint Labs,|Internet|Video Streaming|Artificial Intelligence|, Artificial Intelligence ,1000000.0,operating,USA,CA,SF Bay Area,Palo Alto,2.0,2010-01-01,2010-01-01,2010-Q1,2010,2010-11-01,2012-01-01,0.0,1000000.0,0.0,0.0,0.0,0.0,0.0,0.0,0.0,0.0,0.0,0.0,0.0,0.0,0.0,0.0,0.0,0.0,0.0,0.0,0.0
Brand a Trend GmbH,|Artificial Intelligence|Text Analytics|Market Research|Language Learning|Analytics|, Text Analytics ,6101427.0,operating,DEU,,Frankfurt,Heidelberg,3.0,2012-12-01,2012-12-01,2012-Q4,2012,2013-04-11,2014-11-11,1101427.0,4500000.0,0.0,0.0,0.0,0.0,500000.0,0.0,0.0,0.0,0.0,0.0,0.0,4500000.0,0.0,0.0,0.0,0.0,0.0,0.0,0.0
C3 Energy,|Cloud Computing|Machine Learning|Smart Grid|Big Data Analytics|Big Data|Analytics|, Big Data ,40809998.0,operating,USA,CA,SF Bay Area,Redwood City,3.0,2009-01-01,2009-01-01,2009-Q1,2009,2009-12-15,2013-05-29,0.0,40809998.0,0.0,0.0,0.0,0.0,0.0,0.0,0.0,0.0,0.0,0.0,0.0,0.0,0.0,15000000.0,0.0,0.0,0.0,0.0,0.0
Callida Energy,|Smart Building|Internet of Things|Predictive Analytics|SaaS|Energy Management|Machine Learning|, Internet of Things ,122000.0,operating,USA,NY,New York City,New York,5.0,,,,,2012-04-02,2014-08-01,25000.0,0.0,0.0,0.0,0.0,0.0,97000.0,0.0,0.0,0.0,0.0,0.0,0.0,0.0,0.0,0.0,0.0,0.0,0.0,0.0,0.0
CamioCam,|Machine Learning|Security|Software|Video|, Video ,,operating,,,,,1.0,2013-01-01,2013-01-01,2013-Q1,2013,2014-02-26,2014-02-26,0.0,0.0,0.0,0.0,0.0,0.0,0.0,0.0,0.0,0.0,0.0,0.0,0.0,0.0,0.0,0.0,0.0,0.0,0.0,0.0,0.0
Center'd,|Maps|Local|Events|Web Tools|Natural Language Processing|Neuroscience|Local Search|Curated Web|, Curated Web ,10400000.0,closed,USA,CA,SF Bay Area,Menlo Park,5.0,2006-01-01,2006-01-01,2006-Q1,2006,2007-02-01,2011-05-03,0.0,7400000.0,0.0,0.0,1500000.0,500000.0,1000000.0,0.0,0.0,0.0,0.0,0.0,0.0,5500000.0,0.0,0.0,0.0,0.0,0.0,0.0,0.0
Chatterbox Labs,|Neuroscience|Natural Language Processing|Machine Learning|Analytics|, Machine Learning ,104978.0,operating,GBR,,London,London,1.0,,,,,2012-10-01,2012-10-01,104978.0,0.0,0.0,0.0,0.0,0.0,0.0,0.0,0.0,0.0,0.0,0.0,0.0,0.0,0.0,0.0,0.0,0.0,0.0,0.0,0.0
CheckiO,|Artificial Intelligence|Online Gaming|Communities|Education|, Communities ,750000.0,operating,USA,NV,Las Vegas,Las Vegas,1.0,2012-04-01,2012-04-01,2012-Q2,2012,2014-01-10,2014-01-10,750000.0,0.0,0.0,0.0,0.0,0.0,0.0,0.0,0.0,0.0,0.0,0.0,0.0,0.0,0.0,0.0,0.0,0.0,0.0,0.0,0.0
Ciapple,|Small and Medium Businesses|Artificial Intelligence|Analytics|Business Intelligence|Knowledge Management|Sales and Marketing|Data Mining|Software|, Business Intelligence ,21000.0,operating,JOR,,Amman,Amman,1.0,2009-03-26,2009-03-01,2009-Q1,2009,2009-06-09,2009-06-09,21000.0,0.0,0.0,0.0,0.0,0.0,0.0,0.0,0.0,0.0,0.0,0.0,0.0,0.0,0.0,0.0,0.0,0.0,0.0,0.0,0.0
Citrine Informatics,|Material Science|Machine Learning|Advanced Materials|Big Data|Analytics|, Machine Learning ,,operating,USA,CA,SF Bay Area,Redwood City,1.0,2013-02-01,2013-02-01,2013-Q1,2013,2014-09-05,2014-09-05,0.0,0.0,0.0,0.0,0.0,0.0,0.0,0.0,0.0,0.0,0.0,0.0,0.0,0.0,0.0,0.0,0.0,0.0,0.0,0.0,0.0
Climeworks,|Machine Learning|, Machine Learning ,3416466.0,operating,CHE,,Zurich,Zürich,1.0,2009-01-01,2009-01-01,2009-Q1,2009,2014-04-28,2014-04-28,0.0,3416466.0,0.0,0.0,0.0,0.0,0.0,0.0,0.0,0.0,0.0,0.0,0.0,0.0,3416466.0,0.0,0.0,0.0,0.0,0.0,0.0
Clone,|Machine Learning|Internet TV|Nightclubs|Digital Entertainment|Video Streaming|Internet|, Nightclubs ,50000.0,operating,USA,MO,St. Louis,Saint Louis,1.0,2010-01-01,2010-01-01,2010-Q1,2010,2012-08-01,2012-08-01,50000.0,0.0,0.0,0.0,0.0,0.0,0.0,0.0,0.0,0.0,0.0,0.0,0.0,0.0,0.0,0.0,0.0,0.0,0.0,0.0,0.0
CloudMade,|Navigation|Machine Learning|Automotive|Maps|iPhone|Mobile|Location Based Services|, Navigation ,16297850.0,operating,USA,CA,SF Bay Area,Menlo Park,3.0,2008-03-01,2008-03-01,2008-Q1,2008,2007-01-01,2010-07-27,131700.0,16166150.0,0.0,0.0,0.0,0.0,0.0,0.0,0.0,0.0,0.0,0.0,0.0,3784800.0,12381350.0,0.0,0.0,0.0,0.0,0.0,0.0
CogniCor Technologies,|Call Center Automation|Big Data Analytics|Banking|Telecommunications|Artificial Intelligence|, Big Data Analytics ,1084852.0,operating,ESP,,Barcelona,Barcelona,3.0,2012-02-25,2012-02-01,2012-Q1,2012,2012-10-01,2014-05-10,1084852.0,0.0,0.0,0.0,0.0,0.0,0.0,0.0,0.0,0.0,0.0,0.0,0.0,0.0,0.0,0.0,0.0,0.0,0.0,0.0,0.0
Cognition Technologies,|Search|Semantic Web|Neuroscience|Natural Language Processing|Software|, Software ,2900000.0,operating,USA,CA,Los Angeles,Culver City,2.0,2003-09-01,2003-09-01,2003-Q3,2003,2008-07-15,2011-01-31,0.0,2900000.0,0.0,0.0,0.0,0.0,0.0,0.0,0.0,0.0,0.0,0.0,0.0,0.0,0.0,0.0,0.0,0.0,0.0,0.0,0.0
Cognitive Code,|Artificial Intelligence|Software|, Software ,500000.0,operating,USA,CA,Los Angeles,Sherman Oaks,2.0,2007-09-01,2007-09-01,2007-Q3,2007,2012-12-21,2014-11-07,500000.0,0.0,0.0,0.0,0.0,0.0,0.0,0.0,0.0,0.0,0.0,0.0,0.0,0.0,0.0,0.0,0.0,0.0,0.0,0.0,0.0
Concept.io,|Content Discovery|Personalization|Machine Learning|Mobile|, Personalization ,7200000.0,acquired,USA,CA,SF Bay Area,Mountain View,2.0,2012-01-01,2012-01-01,2012-Q1,2012,2012-01-01,2013-07-18,1800000.0,5400000.0,0.0,0.0,0.0,0.0,0.0,0.0,0.0,0.0,0.0,0.0,0.0,5400000.0,0.0,0.0,0.0,0.0,0.0,0.0,0.0
Concilio Labs,|Machine Learning|Natural Language Processing|Big Data Analytics|Business Intelligence|Hospitality|Predictive Analytics|, Hospitality ,500000.0,operating,USA,VA,"Washington, D.C.",Mclean,1.0,2013-11-01,2013-11-01,2013-Q4,2013,2014-10-01,2014-10-01,500000.0,0.0,0.0,0.0,0.0,0.0,0.0,0.0,0.0,0.0,0.0,0.0,0.0,0.0,0.0,0.0,0.0,0.0,0.0,0.0,0.0
Conductrics,|Finance|Optimization|Ad Targeting|Developer APIs|Sales and Marketing|Analytics|Machine Learning|Software|, Sales and Marketing ,210000.0,operating,USA,NY,New York City,Brooklyn,2.0,,,,,2012-01-01,2012-11-01,210000.0,0.0,0.0,0.0,0.0,0.0,0.0,0.0,0.0,0.0,0.0,0.0,0.0,0.0,0.0,0.0,0.0,0.0,0.0,0.0,0.0
Contextors,|Natural Language Processing|, Natural Language Processing ,500000.0,operating,ISR,,Tel Aviv,Tel Aviv,1.0,2009-11-01,2009-11-01,2009-Q4,2009,2011-11-01,2011-11-01,500000.0,0.0,0.0,0.0,0.0,0.0,0.0,0.0,0.0,0.0,0.0,0.0,0.0,0.0,0.0,0.0,0.0,0.0,0.0,0.0,0.0
cortical.io,|Artificial Intelligence|Enterprise Search|Natural Language Processing|Analytics|, Analytics ,3179900.0,operating,AUT,,Vienna,Vienna,2.0,2011-11-01,2011-11-01,2011-Q4,2011,2013-11-22,2014-11-06,1929900.0,1250000.0,0.0,0.0,0.0,0.0,0.0,0.0,0.0,0.0,0.0,0.0,0.0,1250000.0,0.0,0.0,0.0,0.0,0.0,0.0,0.0
Counselytics,|Machine Learning|Legal|, Legal ,100000.0,operating,USA,NY,New York City,New York,1.0,2013-07-15,2013-07-01,2013-Q3,2013,2013-09-01,2013-09-01,100000.0,0.0,0.0,0.0,0.0,0.0,0.0,0.0,0.0,0.0,0.0,0.0,0.0,0.0,0.0,0.0,0.0,0.0,0.0,0.0,0.0
Cubic Robotics,|Robotics|Home Automation|Artificial Intelligence|, Home Automation ,650000.0,operating,,,,,1.0,2012-11-01,2012-11-01,2012-Q4,2012,2014-02-25,2014-02-25,650000.0,0.0,0.0,0.0,0.0,0.0,0.0,0.0,0.0,0.0,0.0,0.0,0.0,0.0,0.0,0.0,0.0,0.0,0.0,0.0,0.0
Datacratic,|Machine Learning|Software|, Machine Learning ,2000000.0,operating,CAN,QC,Montreal,Montréal,1.0,2010-02-01,2010-02-01,2010-Q1,2010,2012-07-24,2012-07-24,2000000.0,0.0,0.0,0.0,0.0,0.0,0.0,0.0,0.0,0.0,0.0,0.0,0.0,0.0,0.0,0.0,0.0,0.0,0.0,0.0,0.0
Decide.com,|Machine Learning|Search|E-Commerce|Shopping|Consumer Electronics|Curated Web|, Consumer Electronics ,16500000.0,acquired,USA,WA,Seattle,Seattle,3.0,2011-06-20,2011-06-01,2011-Q2,2011,2010-01-01,2013-03-01,0.0,16500000.0,0.0,0.0,0.0,0.0,0.0,0.0,0.0,0.0,0.0,0.0,0.0,2500000.0,6000000.0,8000000.0,0.0,0.0,0.0,0.0,0.0
Deep Glint,|Security|Computer Vision|Machine Learning|Analytics|, Machine Learning ,18000000.0,operating,CHN,,Beijing,Beijing,2.0,2013-01-01,2013-01-01,2013-Q1,2013,2013-06-01,2014-06-01,0.0,17000000.0,0.0,0.0,0.0,0.0,1000000.0,0.0,0.0,0.0,0.0,0.0,0.0,17000000.0,0.0,0.0,0.0,0.0,0.0,0.0,0.0
Delver Ltd,|SaaS|Natural Language Processing|Business Intelligence|Software|, Natural Language Processing ,200987.0,operating,GBR,,Sheffield,Sheffield,2.0,2013-04-22,2013-04-01,2013-Q2,2013,2013-04-22,2014-02-26,46944.0,0.0,0.0,0.0,0.0,0.0,154043.0,0.0,0.0,0.0,0.0,0.0,0.0,0.0,0.0,0.0,0.0,0.0,0.0,0.0,0.0
DEONTICS,|Artificial Intelligence|Big Data|SaaS|Health Care|Health and Wellness|, Health and Wellness ,1159132.0,operating,GBR,,London,London,1.0,2009-01-01,2009-01-01,2009-Q1,2009,2014-08-28,2014-08-28,0.0,0.0,0.0,0.0,0.0,0.0,1159132.0,0.0,0.0,0.0,0.0,0.0,0.0,0.0,0.0,0.0,0.0,0.0,0.0,0.0,0.0
Desti,|Search|Artificial Intelligence|Travel|, Search ,2000000.0,acquired,USA,CA,SF Bay Area,Menlo Park,2.0,2011-11-18,2011-11-01,2011-Q4,2011,2011-10-10,2013-01-11,2000000.0,0.0,0.0,0.0,0.0,0.0,0.0,0.0,0.0,0.0,0.0,0.0,0.0,0.0,0.0,0.0,0.0,0.0,0.0,0.0,0.0
Dezide,|Artificial Intelligence|Software|, Software ,350000.0,operating,DNK,,Aalborg,Aalborg,1.0,2001-12-01,2001-12-01,2001-Q4,2001,2003-01-01,2003-01-01,350000.0,0.0,0.0,0.0,0.0,0.0,0.0,0.0,0.0,0.0,0.0,0.0,0.0,0.0,0.0,0.0,0.0,0.0,0.0,0.0,0.0
Digital Reasoning,|Analytics|Natural Language Processing|Machine Learning|Big Data Analytics|Big Data|Text Analytics|Software|, Big Data Analytics ,28959965.0,operating,USA,VA,"Washington, D.C.",Arlington,4.0,2000-01-01,2000-01-01,2000-Q1,2000,2010-12-01,2014-10-09,750000.0,28209965.0,0.0,0.0,0.0,0.0,0.0,0.0,0.0,0.0,0.0,0.0,0.0,0.0,0.0,24000000.0,0.0,0.0,0.0,0.0,0.0
Digital Trowel,|Natural Language Processing|Knowledge Management|Mobile Devices|Business Intelligence|Neuroscience|Software|, Business Intelligence ,,operating,ISR,,Tel Aviv,Lod,1.0,2008-01-01,2008-01-01,2008-Q1,2008,2008-01-01,2008-01-01,0.0,0.0,0.0,0.0,0.0,0.0,0.0,0.0,0.0,0.0,0.0,0.0,0.0,0.0,0.0,0.0,0.0,0.0,0.0,0.0,0.0
DigitalMR,|SaaS|Big Data|Predictive Analytics|Machine Learning|Analytics|, Big Data ,1020000.0,operating,GBR,,London,London,1.0,2010-01-01,2010-01-01,2010-Q1,2010,2013-08-31,2013-08-31,1020000.0,0.0,0.0,0.0,0.0,0.0,0.0,0.0,0.0,0.0,0.0,0.0,0.0,0.0,0.0,0.0,0.0,0.0,0.0,0.0,0.0
Eclipse Market Solutions,|Real Time|Artificial Intelligence|Enterprises|Messaging|Analytics|, Messaging ,1200000.0,operating,USA,NY,New York City,New York,1.0,2011-01-01,2011-01-01,2011-Q1,2011,2011-01-01,2011-01-01,0.0,0.0,0.0,0.0,0.0,0.0,1200000.0,0.0,0.0,0.0,0.0,0.0,0.0,0.0,0.0,0.0,0.0,0.0,0.0,0.0,0.0
ecovent,|Machine Learning|Home Automation|Energy Efficiency|, Energy Efficiency ,2805000.0,operating,USA,MA,Boston,Boston,2.0,2012-10-01,2012-10-01,2012-Q4,2012,2014-03-31,2014-10-14,2200000.0,0.0,0.0,0.0,0.0,0.0,605000.0,0.0,0.0,0.0,0.0,0.0,0.0,0.0,0.0,0.0,0.0,0.0,0.0,0.0,0.0
"Ember, Inc.",|Video|Machine Learning|Advertising|, Video ,,operating,USA,CA,Anaheim,Irvine,1.0,2012-10-01,2012-10-01,2012-Q4,2012,2012-10-01,2012-10-01,0.0,0.0,0.0,0.0,0.0,0.0,0.0,0.0,0.0,0.0,0.0,0.0,0.0,0.0,0.0,0.0,0.0,0.0,0.0,0.0,0.0
Enkia,|Opinions|Social Media|Artificial Intelligence|Software|, Software ,2250000.0,acquired,USA,GA,Atlanta,Atlanta,2.0,1998-11-09,1998-11-01,1998-Q4,1998,1999-01-01,2000-02-01,0.0,2050000.0,0.0,0.0,0.0,0.0,200000.0,0.0,0.0,0.0,0.0,0.0,0.0,2050000.0,0.0,0.0,0.0,0.0,0.0,0.0,0.0
Entefy,|Internet of Things|Mobile|Big Data|Artificial Intelligence|Security|Storage|Search|, Internet of Things ,5250000.0,operating,,,,,1.0,2012-01-01,2012-01-01,2012-Q1,2012,2014-07-29,2014-07-29,0.0,5250000.0,0.0,0.0,0.0,0.0,0.0,0.0,0.0,0.0,0.0,0.0,0.0,0.0,0.0,0.0,0.0,0.0,0.0,0.0,0.0
Evergig,|Curated Web|Artificial Intelligence|Social Network Media|Music|Photography|, Curated Web ,1350000.0,operating,FRA,,Paris,Paris,1.0,2012-06-21,2012-06-01,2012-Q2,2012,2013-06-21,2013-06-21,1350000.0,0.0,0.0,0.0,0.0,0.0,0.0,0.0,0.0,0.0,0.0,0.0,0.0,0.0,0.0,0.0,0.0,0.0,0.0,0.0,0.0
Exacaster,|SaaS|Enterprises|News|Telecommunications|Predictive Analytics|Reviews and Recommendations|Machine Learning|Analytics|, SaaS ,530000.0,operating,LTU,,Vilnius,Vilnius,2.0,2011-01-01,2011-01-01,2011-Q1,2011,2011-04-01,2012-02-01,150000.0,0.0,0.0,0.0,0.0,0.0,0.0,380000.0,0.0,0.0,0.0,0.0,0.0,0.0,0.0,0.0,0.0,0.0,0.0,0.0,0.0
eXenSa,|Data Mining|Machine Learning|Reviews and Recommendations|E-Commerce|, Data Mining ,189154.0,operating,FRA,,Paris,Montrouge,1.0,2011-03-03,2011-03-01,2011-Q1,2011,2011-12-02,2011-12-02,189154.0,0.0,0.0,0.0,0.0,0.0,0.0,0.0,0.0,0.0,0.0,0.0,0.0,0.0,0.0,0.0,0.0,0.0,0.0,0.0,0.0
Expect Labs,|Semantic Search|Speech Recognition|Search|Apps|Machine Learning|Artificial Intelligence|Mobile|iPad|Software|, Speech Recognition ,2400000.0,operating,USA,CA,SF Bay Area,San Francisco,3.0,2011-01-01,2011-01-01,2011-Q1,2011,2012-10-04,2014-07-18,0.0,2400000.0,0.0,0.0,0.0,0.0,0.0,0.0,0.0,0.0,0.0,0.0,0.0,0.0,0.0,0.0,0.0,0.0,0.0,0.0,0.0
EyeQuant,|Analytics|Artificial Intelligence|User Experience Design|Advertising|SaaS|, User Experience Design ,643300.0,operating,DEU,,Osnabruck,Osnabrück,1.0,2009-01-01,2009-01-01,2009-Q1,2009,2013-10-05,2013-10-05,0.0,643300.0,0.0,0.0,0.0,0.0,0.0,0.0,0.0,0.0,0.0,0.0,0.0,0.0,0.0,0.0,0.0,0.0,0.0,0.0,0.0
Fina Technologies,|Machine Learning|Analytics|, Machine Learning ,4500000.0,operating,USA,MA,Boston,Cambridge,1.0,2008-01-01,2008-01-01,2008-Q1,2008,2009-12-10,2009-12-10,0.0,4500000.0,0.0,0.0,0.0,0.0,0.0,0.0,0.0,0.0,0.0,0.0,0.0,4500000.0,0.0,0.0,0.0,0.0,0.0,0.0,0.0
Fishtree Inc,|Collaboration|Artificial Intelligence|Personalization|Education|Internet|, Artificial Intelligence ,2000000.0,operating,USA,MD,"Washington, D.C.",Chevy Chase,1.0,2012-01-01,2012-01-01,2012-Q1,2012,2014-10-03,2014-10-03,0.0,2000000.0,0.0,0.0,0.0,0.0,0.0,0.0,0.0,0.0,0.0,0.0,0.0,0.0,0.0,0.0,0.0,0.0,0.0,0.0,0.0
Fitfully,|Machine Learning|Computer Vision|Shoes|E-Commerce|, Machine Learning ,260000.0,operating,ISR,,Tel Aviv,Tel Aviv,4.0,2013-03-01,2013-03-01,2013-Q1,2013,2013-11-19,2014-07-31,145000.0,0.0,0.0,0.0,0.0,0.0,115000.0,0.0,0.0,0.0,0.0,0.0,0.0,0.0,0.0,0.0,0.0,0.0,0.0,0.0,0.0
Fligoo,|Reviews and Recommendations|Social Search|Algorithms|Search|B2B|Machine Learning|Big Data|Social Media|, Algorithms ,545000.0,operating,USA,CA,SF Bay Area,San Francisco,5.0,2011-10-17,2011-10-01,2011-Q4,2011,2013-03-01,2014-09-20,545000.0,0.0,0.0,0.0,0.0,0.0,0.0,0.0,0.0,0.0,0.0,0.0,0.0,0.0,0.0,0.0,0.0,0.0,0.0,0.0,0.0
Fluential,|Artificial Intelligence|Natural Language Processing|Software|, Artificial Intelligence ,2000000.0,operating,USA,CA,SF Bay Area,Sunnyvale,1.0,2001-01-01,2001-01-01,2001-Q1,2001,2013-11-29,2013-11-29,0.0,2000000.0,0.0,0.0,0.0,0.0,0.0,0.0,0.0,0.0,0.0,0.0,0.0,2000000.0,0.0,0.0,0.0,0.0,0.0,0.0,0.0
FOREVERVOGUE.COM,|Consumer Behavior|Machine Learning|Women|Coupons|Discounts|Sales and Marketing|Lifestyle|Fashion|, Machine Learning ,40347.0,operating,GBR,,London,London,3.0,2013-08-01,2013-08-01,2013-Q3,2013,2013-01-01,2013-12-16,11347.0,0.0,0.0,0.0,0.0,0.0,21000.0,0.0,8000.0,0.0,0.0,0.0,0.0,0.0,0.0,0.0,0.0,0.0,0.0,0.0,0.0
Fortscale,|Software|Big Data|Machine Learning|Analytics|Security|, Machine Learning ,10000000.0,operating,USA,CA,SF Bay Area,San Francisco,2.0,2012-01-01,2012-01-01,2012-Q1,2012,2013-01-01,2014-06-02,0.0,10000000.0,0.0,0.0,0.0,0.0,0.0,0.0,0.0,0.0,0.0,0.0,0.0,0.0,0.0,0.0,0.0,0.0,0.0,0.0,0.0
Framed Data,|Predictive Analytics|Data Mining|Machine Learning|Analytics|, Analytics ,,operating,USA,CA,SF Bay Area,San Francisco,1.0,2013-01-01,2013-01-01,2013-Q1,2013,2014-01-01,2014-01-01,0.0,0.0,0.0,0.0,0.0,0.0,0.0,0.0,0.0,0.0,0.0,0.0,0.0,0.0,0.0,0.0,0.0,0.0,0.0,0.0,0.0
Fruitfulll,|Real Estate|Crowdfunding|Machine Learning|Banking|Peer-to-Peer|Finance Technology|, Crowdfunding ,5554607.0,operating,GBR,,Liverpool,Liverpool,3.0,2013-02-05,2013-02-01,2013-Q1,2013,2013-03-10,2014-08-01,480000.0,5000000.0,74607.0,0.0,0.0,0.0,0.0,0.0,0.0,0.0,0.0,0.0,0.0,5000000.0,0.0,0.0,0.0,0.0,0.0,0.0,0.0
Full Spectrum Laser,|Machine Learning|, Machine Learning ,10000000.0,operating,USA,NV,Las Vegas,Las Vegas,1.0,2008-01-01,2008-01-01,2008-Q1,2008,2014-11-12,2014-11-12,0.0,10000000.0,0.0,0.0,0.0,0.0,0.0,0.0,0.0,0.0,0.0,0.0,0.0,0.0,0.0,0.0,0.0,0.0,0.0,0.0,0.0
Fusemachines,|Artificial Intelligence|Software|Big Data|Big Data Analytics|, Artificial Intelligence ,,operating,USA,NY,New York City,New York,1.0,,,,,2014-07-01,2014-07-01,0.0,0.0,0.0,0.0,0.0,0.0,0.0,0.0,0.0,0.0,0.0,0.0,0.0,0.0,0.0,0.0,0.0,0.0,0.0,0.0,0.0
Gini,|Developer APIs|Software|Machine Learning|Semantic Search|Document Management|Artificial Intelligence|Curated Web|, Semantic Search ,1830000.0,operating,DEU,,Munich,München,4.0,2011-07-25,2011-07-01,2011-Q3,2011,2011-03-01,2012-10-22,1500000.0,0.0,0.0,0.0,0.0,0.0,200000.0,130000.0,0.0,0.0,0.0,0.0,0.0,0.0,0.0,0.0,0.0,0.0,0.0,0.0,0.0
Granify,|Machine Learning|Big Data|Optimization|E-Commerce|Analytics|, E-Commerce ,1500000.0,operating,CAN,AB,Edmonton,Edmonton,2.0,2011-01-01,2011-01-01,2011-Q1,2011,2012-08-01,2013-11-06,1500000.0,0.0,0.0,0.0,0.0,0.0,0.0,0.0,0.0,0.0,0.0,0.0,0.0,0.0,0.0,0.0,0.0,0.0,0.0,0.0,0.0
GraphLab,|Machine Learning|Software|, Software ,6750000.0,operating,,,,,1.0,2013-05-01,2013-05-01,2013-Q2,2013,2013-05-14,2013-05-14,0.0,6750000.0,0.0,0.0,0.0,0.0,0.0,0.0,0.0,0.0,0.0,0.0,0.0,6750000.0,0.0,0.0,0.0,0.0,0.0,0.0,0.0
Hands Company,|Security|Artificial Intelligence|Robotics|Hardware + Software|, Security ,60000.0,operating,USA,CA,Santa Barbara,Santa Barbara,2.0,2012-01-20,2012-01-01,2012-Q1,2012,2013-01-14,2013-09-28,0.0,0.0,0.0,60000.0,0.0,0.0,0.0,0.0,0.0,0.0,0.0,0.0,0.0,0.0,0.0,0.0,0.0,0.0,0.0,0.0,0.0
Hermes IQ,|Machine Learning|Big Data|SaaS|Productivity Software|Health and Wellness|Analytics|, SaaS ,118000.0,operating,USA,MA,Boston,Braintree,1.0,2013-09-24,2013-09-01,2013-Q3,2013,2013-01-21,2013-01-21,118000.0,0.0,0.0,0.0,0.0,0.0,0.0,0.0,0.0,0.0,0.0,0.0,0.0,0.0,0.0,0.0,0.0,0.0,0.0,0.0,0.0
Hoppit,|Personalization|Machine Learning|Reviews and Recommendations|Search|, Search ,500000.0,acquired,USA,NY,New York City,New York,1.0,2011-01-01,2011-01-01,2011-Q1,2011,2012-07-01,2012-07-01,500000.0,0.0,0.0,0.0,0.0,0.0,0.0,0.0,0.0,0.0,0.0,0.0,0.0,0.0,0.0,0.0,0.0,0.0,0.0,0.0,0.0
Hubskip,|Machine Learning|Travel|Analytics|, Machine Learning ,350000.0,operating,,,,,2.0,2012-09-01,2012-09-01,2012-Q3,2012,2012-09-01,2013-06-17,0.0,0.0,0.0,0.0,0.0,0.0,350000.0,0.0,0.0,0.0,0.0,0.0,0.0,0.0,0.0,0.0,0.0,0.0,0.0,0.0,0.0
IActive,|Artificial Intelligence|Business Development|Software|, Software ,4752585.0,operating,USA,CA,SF Bay Area,Sunnyvale,2.0,2007-01-01,2007-01-01,2007-Q1,2007,2010-02-01,2011-02-01,0.0,4126500.0,0.0,0.0,0.0,0.0,626085.0,0.0,0.0,0.0,0.0,0.0,0.0,4126500.0,0.0,0.0,0.0,0.0,0.0,0.0,0.0
Idibon,|Natural Language Processing|Machine Learning|Enterprise Software|, Enterprise Software ,6900000.0,operating,USA,CA,SF Bay Area,San Francisco,2.0,2012-01-01,2012-01-01,2012-Q1,2012,2013-04-16,2014-10-16,0.0,6900000.0,0.0,0.0,0.0,0.0,0.0,0.0,0.0,0.0,0.0,0.0,0.0,5500000.0,0.0,0.0,0.0,0.0,0.0,0.0,0.0
iKen Solutions Pvt. Ltd.,|Content Discovery|Personalization|Reviews and Recommendations|Artificial Intelligence|Software|, Content Discovery ,2000000.0,operating,IND,,Mumbai,Mumbai,1.0,2005-01-01,2005-01-01,2005-Q1,2005,2007-01-01,2007-01-01,0.0,0.0,0.0,2000000.0,0.0,0.0,0.0,0.0,0.0,0.0,0.0,0.0,0.0,0.0,0.0,0.0,0.0,0.0,0.0,0.0,0.0
Imagga,|Startups|Machine Learning|Big Data|Image Recognition|Visual Search|Photography|, Startups ,310000.0,operating,BGR,,Sofia,Sofia,2.0,2008-08-12,2008-08-01,2008-Q3,2008,2010-01-01,2013-07-01,310000.0,0.0,0.0,0.0,0.0,0.0,0.0,0.0,0.0,0.0,0.0,0.0,0.0,0.0,0.0,0.0,0.0,0.0,0.0,0.0,0.0
Incoming Media,|Machine Learning|Mobile Video|Mobile|, Machine Learning ,6000000.0,operating,USA,CA,SF Bay Area,Santa Clara,2.0,2011-01-01,2011-01-01,2011-Q1,2011,2013-03-19,2014-11-04,1100000.0,4900000.0,0.0,0.0,0.0,0.0,0.0,0.0,0.0,0.0,0.0,0.0,0.0,4900000.0,0.0,0.0,0.0,0.0,0.0,0.0,0.0
indico data solutions,|Small and Medium Businesses|Developer APIs|Cloud Data Services|Developer Tools|Machine Learning|, Developer APIs ,3179000.0,operating,USA,MA,Boston,Needham,3.0,2013-10-15,2013-10-01,2013-Q4,2013,2014-01-01,2014-11-13,3000000.0,0.0,0.0,0.0,179000.0,0.0,0.0,0.0,0.0,0.0,0.0,0.0,0.0,0.0,0.0,0.0,0.0,0.0,0.0,0.0,0.0
Infermedica,|Machine Learning|Health Care|Artificial Intelligence|mHealth|Software|, Health Care ,310000.0,operating,,,,,2.0,2012-06-01,2012-06-01,2012-Q2,2012,2012-06-01,2013-11-01,310000.0,0.0,0.0,0.0,0.0,0.0,0.0,0.0,0.0,0.0,0.0,0.0,0.0,0.0,0.0,0.0,0.0,0.0,0.0,0.0,0.0
Ingen.io,|Natural Language Processing|Big Data|Education|Neuroscience|Software|, Natural Language Processing ,81586.0,operating,CZE,,Prague,Prague,1.0,2014-05-20,2014-05-01,2014-Q2,2014,2014-07-15,2014-07-15,0.0,0.0,0.0,0.0,81586.0,0.0,0.0,0.0,0.0,0.0,0.0,0.0,0.0,0.0,0.0,0.0,0.0,0.0,0.0,0.0,0.0
Inovance Financial Technologies,|Big Data|Financial Services|SaaS|Artificial Intelligence|, Big Data ,65000.0,operating,USA,NY,New York City,New York,2.0,2012-08-01,2012-08-01,2012-Q3,2012,2013-01-01,2013-09-23,65000.0,0.0,0.0,0.0,0.0,0.0,0.0,0.0,0.0,0.0,0.0,0.0,0.0,0.0,0.0,0.0,0.0,0.0,0.0,0.0,0.0
Inporia,|Machine Learning|E-Commerce|, E-Commerce ,1250000.0,operating,USA,CA,SF Bay Area,San Francisco,1.0,2011-02-01,2011-02-01,2011-Q1,2011,2011-05-11,2011-05-11,1250000.0,0.0,0.0,0.0,0.0,0.0,0.0,0.0,0.0,0.0,0.0,0.0,0.0,0.0,0.0,0.0,0.0,0.0,0.0,0.0,0.0
InteliWISE USA,|Semantic Search|Artificial Intelligence|Services|Customer Service|Software|, Artificial Intelligence ,2000000.0,operating,USA,CA,SF Bay Area,Sunnyvale,1.0,2005-01-01,2005-01-01,2005-Q1,2005,2008-01-01,2008-01-01,0.0,2000000.0,0.0,0.0,0.0,0.0,0.0,0.0,0.0,0.0,0.0,0.0,0.0,2000000.0,0.0,0.0,0.0,0.0,0.0,0.0,0.0
Ipselex,|Machine Learning|Artificial Intelligence|Legal|, Machine Learning ,54250.0,operating,HKG,,Hong Kong,Sheung Wan,2.0,,,,,2013-09-05,2014-07-01,54250.0,0.0,0.0,0.0,0.0,0.0,0.0,0.0,0.0,0.0,0.0,0.0,0.0,0.0,0.0,0.0,0.0,0.0,0.0,0.0,0.0
ipvive,|Natural Language Processing|Machine Learning|Mobile|Internet of Things|Artificial Intelligence|Big Data|, Mobile ,626077.0,operating,USA,CA,SF Bay Area,Oakland,2.0,,,,,2012-03-01,2014-09-30,626077.0,0.0,0.0,0.0,0.0,0.0,0.0,0.0,0.0,0.0,0.0,0.0,0.0,0.0,0.0,0.0,0.0,0.0,0.0,0.0,0.0
Jetlore,|Email Marketing|Marketing Automation|Big Data|Machine Learning|Enterprise Software|, Marketing Automation ,,operating,USA,CA,SF Bay Area,Sunnyvale,1.0,2011-01-01,2011-01-01,2011-Q1,2011,2013-06-30,2013-06-30,0.0,0.0,0.0,0.0,0.0,0.0,0.0,0.0,0.0,0.0,0.0,0.0,0.0,0.0,0.0,0.0,0.0,0.0,0.0,0.0,0.0
Jibo,|Robotics|Artificial Intelligence|, Artificial Intelligence ,2300000.0,operating,USA,MA,Boston,Cambridge,2.0,2012-01-01,2012-01-01,2012-Q1,2012,2014-06-05,2014-10-17,0.0,0.0,0.0,0.0,0.0,0.0,0.0,0.0,0.0,0.0,0.0,0.0,2300000.0,0.0,0.0,0.0,0.0,0.0,0.0,0.0,0.0
Keelvar,|Artificial Intelligence|Optimization|E-Commerce|Software|, E-Commerce ,922350.0,operating,GBR,,London,London,1.0,2013-09-18,2013-09-01,2013-Q3,2013,2012-08-01,2012-08-01,922350.0,0.0,0.0,0.0,0.0,0.0,0.0,0.0,0.0,0.0,0.0,0.0,0.0,0.0,0.0,0.0,0.0,0.0,0.0,0.0,0.0
Kiha Software,|Neuroscience|Natural Language Processing|Cloud Data Services|iPhone|Android|Mobile|Software|, Cloud Data Services ,20000000.0,closed,USA,WA,Seattle,Seattle,1.0,2008-01-01,2008-01-01,2008-Q1,2008,2010-10-28,2010-10-28,0.0,20000000.0,0.0,0.0,0.0,0.0,0.0,0.0,0.0,0.0,0.0,0.0,0.0,20000000.0,0.0,0.0,0.0,0.0,0.0,0.0,0.0
Kimera Systems,|Internet of Things|Mobile Software Tools|Video Streaming|Artificial Intelligence|Mobile|, Artificial Intelligence ,70000.0,operating,USA,OR,"Portland, Oregon",Beaverton,1.0,2012-06-01,2012-06-01,2012-Q2,2012,2012-07-20,2012-07-20,0.0,70000.0,0.0,0.0,0.0,0.0,0.0,0.0,0.0,0.0,0.0,0.0,0.0,0.0,0.0,0.0,0.0,0.0,0.0,0.0,0.0
Kimerick Technologies,|Machine Learning|Financial Exchanges|Algorithms|Finance|Big Data|Trading|Analytics|, Machine Learning ,130420.0,operating,USA,CA,SF Bay Area,Berkeley,2.0,2011-08-01,2011-08-01,2011-Q3,2011,2013-08-01,2013-08-26,130420.0,0.0,0.0,0.0,0.0,0.0,0.0,0.0,0.0,0.0,0.0,0.0,0.0,0.0,0.0,0.0,0.0,0.0,0.0,0.0,0.0
KiteDesk,|Sales Automation|Machine Learning|Social CRM|Data Integration|Mobile|Software|, Machine Learning ,3500000.0,operating,USA,FL,Tampa,Tampa,1.0,2011-12-01,2011-12-01,2011-Q4,2011,2014-10-01,2014-10-01,0.0,3500000.0,0.0,0.0,0.0,0.0,0.0,0.0,0.0,0.0,0.0,0.0,0.0,3500000.0,0.0,0.0,0.0,0.0,0.0,0.0,0.0
Knewton,|Colleges|Machine Learning|Education|, Education ,105000000.0,operating,USA,NY,New York City,New York,5.0,2008-01-01,2008-01-01,2008-Q1,2008,2008-05-21,2013-12-01,0.0,105000000.0,0.0,0.0,0.0,0.0,0.0,0.0,0.0,0.0,0.0,0.0,0.0,2500000.0,6000000.0,12500000.0,33000000.0,51000000.0,0.0,0.0,0.0
Lagiar,|Data Mining|Artificial Intelligence|Big Data|E-Commerce|, E-Commerce ,40000.0,operating,BRA,,Rio de Janeiro,Belo Horizonte,1.0,2012-01-01,2012-01-01,2012-Q1,2012,2013-02-13,2013-02-13,40000.0,0.0,0.0,0.0,0.0,0.0,0.0,0.0,0.0,0.0,0.0,0.0,0.0,0.0,0.0,0.0,0.0,0.0,0.0,0.0,0.0
Lateral,|Content Discovery|Machine Learning|, Machine Learning ,415485.0,operating,DEU,,Berlin,Berlin,1.0,,,,,2014-05-01,2014-05-01,415485.0,0.0,0.0,0.0,0.0,0.0,0.0,0.0,0.0,0.0,0.0,0.0,0.0,0.0,0.0,0.0,0.0,0.0,0.0,0.0,0.0
Leapforce,|Freelancers|Machine Learning|Search|, Freelancers ,200000.0,operating,USA,CA,SF Bay Area,Pleasanton,1.0,2008-12-14,2008-12-01,2008-Q4,2008,2008-12-14,2008-12-14,200000.0,0.0,0.0,0.0,0.0,0.0,0.0,0.0,0.0,0.0,0.0,0.0,0.0,0.0,0.0,0.0,0.0,0.0,0.0,0.0,0.0
mangofizz jobs,|Artificial Intelligence|Recruiting|Career Management|Employment|Curated Web|, Career Management ,300000.0,closed,USA,TX,Dallas,Plano,1.0,2007-01-01,2007-01-01,2007-Q1,2007,2007-01-01,2007-01-01,300000.0,0.0,0.0,0.0,0.0,0.0,0.0,0.0,0.0,0.0,0.0,0.0,0.0,0.0,0.0,0.0,0.0,0.0,0.0,0.0,0.0
Massive Analytic,|Data Visualization|Machine Learning|Predictive Analytics|Big Data|Software|, Big Data ,165000.0,operating,GBR,,London,London,1.0,2010-01-15,2010-01-01,2010-Q1,2010,2014-04-28,2014-04-28,0.0,0.0,165000.0,0.0,0.0,0.0,0.0,0.0,0.0,0.0,0.0,0.0,0.0,0.0,0.0,0.0,0.0,0.0,0.0,0.0,0.0
MedWhat,|Semantic Search|Search|Data Mining|Artificial Intelligence|Medical|Health and Wellness|Health Care|, Semantic Search ,590000.0,operating,USA,CA,SF Bay Area,Mountain View,2.0,2010-04-01,2010-04-01,2010-Q2,2010,2011-04-15,2014-02-18,560000.0,0.0,0.0,0.0,0.0,0.0,0.0,30000.0,0.0,0.0,0.0,0.0,0.0,0.0,0.0,0.0,0.0,0.0,0.0,0.0,0.0
Metafor Software,|IT and Cybersecurity|Big Data Analytics|Information Security|Machine Learning|, IT and Cybersecurity ,,operating,CAN,BC,Vancouver,Vancouver,1.0,2010-01-01,2010-01-01,2010-Q1,2010,2012-11-05,2012-11-05,0.0,0.0,0.0,0.0,0.0,0.0,0.0,0.0,0.0,0.0,0.0,0.0,0.0,0.0,0.0,0.0,0.0,0.0,0.0,0.0,0.0
Meteo-Logic,|Machine Learning|Wind|Solar|Big Data|Energy|News|Clean Technology|, Machine Learning ,3000000.0,operating,ISR,,Tel Aviv,Tel Aviv,1.0,2011-10-15,2011-10-01,2011-Q4,2011,2013-09-03,2013-09-03,0.0,3000000.0,0.0,0.0,0.0,0.0,0.0,0.0,0.0,0.0,0.0,0.0,0.0,3000000.0,0.0,0.0,0.0,0.0,0.0,0.0,0.0
MindOps,|Image Recognition|Augmented Reality|Artificial Intelligence|, Artificial Intelligence ,69000.0,operating,USA,CA,SF Bay Area,San Francisco,2.0,2014-01-01,2014-01-01,2014-Q1,2014,2014-02-19,2014-04-01,44000.0,0.0,0.0,0.0,0.0,0.0,0.0,25000.0,0.0,0.0,0.0,0.0,0.0,0.0,0.0,0.0,0.0,0.0,0.0,0.0,0.0
Mobiusbobs Inc.,|Intellectual Property|Crowdsourcing|Machine Learning|, Machine Learning ,600000.0,operating,,,,,2.0,2014-01-01,2014-01-01,2014-Q1,2014,2014-01-01,2014-07-31,600000.0,0.0,0.0,0.0,0.0,0.0,0.0,0.0,0.0,0.0,0.0,0.0,0.0,0.0,0.0,0.0,0.0,0.0,0.0,0.0,0.0
"Morf Media, Inc.",|Education|Big Data|Artificial Intelligence|Neuroscience|Mobile|Hospitality|Banking|Sales and Marketing|Training|Enterprises|Gamification|SaaS|Software|, Education ,7000000.0,operating,USA,CA,SF Bay Area,Sunnyvale,2.0,2010-09-15,2010-09-01,2010-Q3,2010,2008-01-01,2013-07-14,7000000.0,0.0,0.0,0.0,0.0,0.0,0.0,0.0,0.0,0.0,0.0,0.0,0.0,0.0,0.0,0.0,0.0,0.0,0.0,0.0,0.0
Musicmetric,|Machine Learning|Data Mining|Music|, Music ,5356025.0,operating,GBR,,London,London,3.0,2008-06-21,2008-06-01,2008-Q2,2008,2008-12-01,2013-01-23,0.0,4756750.0,0.0,0.0,0.0,0.0,599275.0,0.0,0.0,0.0,0.0,0.0,0.0,0.0,0.0,0.0,0.0,0.0,0.0,0.0,0.0
Nara Logics,|Reviews and Recommendations|Artificial Intelligence|Personalization|Ediscovery|Search|Curated Web|, Artificial Intelligence ,13000000.0,operating,USA,MA,Boston,Cambridge,1.0,2010-01-01,2010-01-01,2010-Q1,2010,2014-10-15,2014-10-15,0.0,13000000.0,0.0,0.0,0.0,0.0,0.0,0.0,0.0,0.0,0.0,0.0,0.0,13000000.0,0.0,0.0,0.0,0.0,0.0,0.0,0.0
Narrative Science,|Big Data Analytics|Big Data|Artificial Intelligence|, Big Data ,32400000.0,operating,USA,IL,Chicago,Chicago,6.0,2010-01-01,2010-01-01,2010-Q1,2010,2010-04-22,2014-11-28,1350000.0,28050000.0,0.0,0.0,0.0,3000000.0,0.0,0.0,0.0,0.0,0.0,0.0,0.0,0.0,6000000.0,11500000.0,10000000.0,0.0,0.0,0.0,0.0
Neurala,|Finance|Artificial Intelligence|Robotics|Software|, Software ,,operating,USA,MA,Boston,Cambridge,1.0,2006-01-30,2006-01-01,2006-Q1,2006,2013-02-25,2013-02-25,0.0,0.0,0.0,0.0,0.0,0.0,0.0,0.0,0.0,0.0,0.0,0.0,0.0,0.0,0.0,0.0,0.0,0.0,0.0,0.0,0.0
Newman Infinite,|Internet|Web Design|Artificial Intelligence|Mobile|Enterprises|Security|Software|, Web Design ,1000000.0,operating,USA,CA,Los Angeles,Los Angeles,1.0,2010-07-01,2010-07-01,2010-Q3,2010,2010-07-01,2010-07-01,1000000.0,0.0,0.0,0.0,0.0,0.0,0.0,0.0,0.0,0.0,0.0,0.0,0.0,0.0,0.0,0.0,0.0,0.0,0.0,0.0,0.0
NodePrime,|Machine Learning|Infrastructure|Cloud Management|Cloud Computing|Big Data|Analytics|Enterprise Software|, Enterprise Software ,1500000.0,operating,USA,CA,SF Bay Area,San Francisco,2.0,2013-02-04,2013-02-01,2013-Q1,2013,2013-02-04,2014-05-31,1500000.0,0.0,0.0,0.0,0.0,0.0,0.0,0.0,0.0,0.0,0.0,0.0,0.0,0.0,0.0,0.0,0.0,0.0,0.0,0.0,0.0
Obvious Engineering,|Consumer Goods|Machine Learning|Mobile|New Product Development|Computer Vision|, Consumer Goods ,150000.0,operating,GBR,,London,London,2.0,2013-01-01,2013-01-01,2013-Q1,2013,2014-01-14,2014-02-01,150000.0,0.0,0.0,0.0,0.0,0.0,0.0,0.0,0.0,0.0,0.0,0.0,0.0,0.0,0.0,0.0,0.0,0.0,0.0,0.0,0.0
Offerial,|Personalization|E-Commerce|Online Reservations|Travel|Hospitality|Hotels|Artificial Intelligence|Machine Learning|Big Data|Analytics|, Online Reservations ,118956.0,operating,GRC,,Athens,Athens,1.0,2012-09-01,2012-09-01,2012-Q3,2012,2013-09-01,2013-09-01,118956.0,0.0,0.0,0.0,0.0,0.0,0.0,0.0,0.0,0.0,0.0,0.0,0.0,0.0,0.0,0.0,0.0,0.0,0.0,0.0,0.0
OfferSavvy,|Advertising|Natural Language Processing|Artificial Intelligence|Discounts|Social Commerce|Loyalty Programs|Incentives|E-Commerce|Curated Web|, Advertising ,1300000.0,operating,USA,MN,Minneapolis,Minneapolis,4.0,2012-06-01,2012-06-01,2012-Q2,2012,2013-10-23,2014-05-27,1050000.0,0.0,0.0,0.0,0.0,0.0,250000.0,0.0,0.0,0.0,0.0,0.0,0.0,0.0,0.0,0.0,0.0,0.0,0.0,0.0,0.0
Oony,|Artificial Intelligence|Mobile|Coupons|Discounts|Software|Curated Web|, Software ,175000.0,operating,ARG,,Buenos Aires,Buenos Aires,2.0,2010-03-01,2010-03-01,2010-Q1,2010,2011-01-01,2011-09-01,25000.0,150000.0,0.0,0.0,0.0,0.0,0.0,0.0,0.0,0.0,0.0,0.0,0.0,0.0,0.0,0.0,0.0,0.0,0.0,0.0,0.0
Optisort,|Artificial Intelligence|Recycling|Clean Technology|, Clean Technology ,144800.0,operating,SWE,,Gothenburg,Gothenburg,1.0,2008-01-01,2008-01-01,2008-Q1,2008,2010-05-10,2010-05-10,144800.0,0.0,0.0,0.0,0.0,0.0,0.0,0.0,0.0,0.0,0.0,0.0,0.0,0.0,0.0,0.0,0.0,0.0,0.0,0.0,0.0
Ozmota,|Location Based Services|Mobile Social|Interest Graph|Reviews and Recommendations|Artificial Intelligence|Social Network Media|Social Media|Semantic Web|Curated Web|, Curated Web ,,operating,CYM,,Cayman Islands,Grand Cayman,2.0,,,,,2008-01-01,2010-08-01,0.0,0.0,0.0,0.0,0.0,0.0,0.0,0.0,0.0,0.0,0.0,0.0,0.0,0.0,0.0,0.0,0.0,0.0,0.0,0.0,0.0
PeerPong,|Social Search|Natural Language Processing|Neuroscience|Semantic Search|Curated Web|, Social Search ,2800000.0,closed,USA,CA,SF Bay Area,San Francisco,1.0,2006-01-01,2006-01-01,2006-Q1,2006,2010-02-09,2010-02-09,0.0,2800000.0,0.0,0.0,0.0,0.0,0.0,0.0,0.0,0.0,0.0,0.0,0.0,0.0,0.0,0.0,0.0,0.0,0.0,0.0,0.0
Performance Lab,|Active Lifestyle|Artificial Intelligence|Fitness|Health and Wellness|, Health and Wellness ,,operating,NZL,,Auckland,Auckland,1.0,2003-01-01,2003-01-01,2003-Q1,2003,2014-06-26,2014-06-26,0.0,0.0,0.0,0.0,0.0,0.0,0.0,0.0,0.0,0.0,0.0,0.0,0.0,0.0,0.0,0.0,0.0,0.0,0.0,0.0,0.0
piALGO Technologies,|Big Data|Data Mining|Artificial Intelligence|Machine Learning|Finance Technology|Finance|Trading|Analytics|, Trading ,35000.0,operating,CAN,BC,Vancouver,Vancouver,1.0,2013-01-01,2013-01-01,2013-Q1,2013,2013-02-20,2013-02-20,35000.0,0.0,0.0,0.0,0.0,0.0,0.0,0.0,0.0,0.0,0.0,0.0,0.0,0.0,0.0,0.0,0.0,0.0,0.0,0.0,0.0
PingThings,|Machine Learning|Predictive Analytics|Big Data Analytics|Smart Grid|Energy Management|Utilities|Sensors|Internet of Things|Energy IT|Energy|, Energy IT ,500000.0,operating,USA,CA,"Orange County, California",San Juan Capistrano,2.0,2014-04-21,2014-04-01,2014-Q2,2014,2014-04-21,2014-10-07,500000.0,0.0,0.0,0.0,0.0,0.0,0.0,0.0,0.0,0.0,0.0,0.0,0.0,0.0,0.0,0.0,0.0,0.0,0.0,0.0,0.0
PLAXD,|Big Data Analytics|Social Games|Analytics|Machine Learning|FreetoPlay Gaming|Mobile Games|Data Mining|Games|, Games ,100000.0,operating,,,,,1.0,2012-05-01,2012-05-01,2012-Q2,2012,2012-05-01,2012-05-01,100000.0,0.0,0.0,0.0,0.0,0.0,0.0,0.0,0.0,0.0,0.0,0.0,0.0,0.0,0.0,0.0,0.0,0.0,0.0,0.0,0.0
PLTech,|Active Lifestyle|Artificial Intelligence|Fitness|Health and Wellness|, Fitness ,,operating,NZL,,Auckland,Auckland,1.0,2011-04-01,2011-04-01,2011-Q2,2011,2014-06-26,2014-06-26,0.0,0.0,0.0,0.0,0.0,0.0,0.0,0.0,0.0,0.0,0.0,0.0,0.0,0.0,0.0,0.0,0.0,0.0,0.0,0.0,0.0
Popego,|Design|Artificial Intelligence|Interest Graph|Services|Software|, Services ,,operating,ARG,,Buenos Aires,Buenos Aires,1.0,2007-09-01,2007-09-01,2007-Q3,2007,2009-05-01,2009-05-01,0.0,0.0,0.0,0.0,0.0,0.0,0.0,0.0,0.0,0.0,0.0,0.0,0.0,0.0,0.0,0.0,0.0,0.0,0.0,0.0,0.0
PredictionIO,|Developer Tools|Open Source|Big Data|Machine Learning|Analytics|, Developer Tools ,2650000.0,operating,,,,,2.0,2013-01-01,2013-01-01,2013-Q1,2013,2013-11-13,2014-07-17,2650000.0,0.0,0.0,0.0,0.0,0.0,0.0,0.0,0.0,0.0,0.0,0.0,0.0,0.0,0.0,0.0,0.0,0.0,0.0,0.0,0.0
Predictivez,|Big Data|Machine Learning|Business Intelligence|Developer APIs|Analytics|, Big Data ,100000.0,operating,USA,NM,Albuquerque,Albuquerque,1.0,2011-01-16,2011-01-01,2011-Q1,2011,2011-01-01,2011-01-01,0.0,0.0,0.0,0.0,0.0,0.0,100000.0,0.0,0.0,0.0,0.0,0.0,0.0,0.0,0.0,0.0,0.0,0.0,0.0,0.0,0.0
Predictry,|Reviews and Recommendations|Machine Learning|Artificial Intelligence|Big Data|Analytics|, Machine Learning ,230000.0,operating,MYS,,Kuala Lumpur,Petaling Jaya,1.0,2013-01-01,2013-01-01,2013-Q1,2013,2014-05-05,2014-05-05,230000.0,0.0,0.0,0.0,0.0,0.0,0.0,0.0,0.0,0.0,0.0,0.0,0.0,0.0,0.0,0.0,0.0,0.0,0.0,0.0,0.0
Predikt,|Artificial Intelligence|Big Data|Recruiting|Analytics|, Artificial Intelligence ,,operating,USA,CA,SF Bay Area,Mountain View,1.0,2014-01-01,2014-01-01,2014-Q1,2014,2014-06-13,2014-06-13,0.0,0.0,0.0,0.0,0.0,0.0,0.0,0.0,0.0,0.0,0.0,0.0,0.0,0.0,0.0,0.0,0.0,0.0,0.0,0.0,0.0
Present,|Artificial Intelligence|Computer Vision|Video on Demand|Video Streaming|Social Media|, Computer Vision ,20000.0,operating,USA,NJ,Newark,Princeton,3.0,2013-03-08,2013-03-01,2013-Q1,2013,2013-06-01,2014-05-01,20000.0,0.0,0.0,0.0,0.0,0.0,0.0,0.0,0.0,0.0,0.0,0.0,0.0,0.0,0.0,0.0,0.0,0.0,0.0,0.0,0.0
Pressflip,|Artificial Intelligence|Curated Web|, Curated Web ,110000.0,closed,USA,CA,CA - Other,Lucerne Valley,1.0,2007-06-05,2007-06-01,2007-Q2,2007,2008-01-01,2008-01-01,0.0,0.0,0.0,0.0,0.0,0.0,110000.0,0.0,0.0,0.0,0.0,0.0,0.0,0.0,0.0,0.0,0.0,0.0,0.0,0.0,0.0
Prior Knowledge,|Big Data Analytics|SaaS|Machine Learning|Cloud Computing|Analytics|, Machine Learning ,1400000.0,acquired,USA,CA,SF Bay Area,San Francisco,1.0,2011-09-01,2011-09-01,2011-Q3,2011,2012-02-01,2012-02-01,1400000.0,0.0,0.0,0.0,0.0,0.0,0.0,0.0,0.0,0.0,0.0,0.0,0.0,0.0,0.0,0.0,0.0,0.0,0.0,0.0,0.0
QMedic,|Machine Learning|Sensors|Senior Health|Health and Wellness|, Senior Health ,2400000.0,operating,USA,MA,Boston,Boston,1.0,2010-07-01,2010-07-01,2010-Q3,2010,2013-10-02,2013-10-02,0.0,0.0,0.0,0.0,0.0,0.0,0.0,2400000.0,0.0,0.0,0.0,0.0,0.0,0.0,0.0,0.0,0.0,0.0,0.0,0.0,0.0
Quantified Skin,|Artificial Intelligence|Machine Learning|Analytics|, Machine Learning ,280750.0,operating,USA,CA,SF Bay Area,San Francisco,3.0,2013-01-01,2013-01-01,2013-Q1,2013,2013-07-01,2014-01-01,0.0,0.0,0.0,280750.0,0.0,0.0,0.0,0.0,0.0,0.0,0.0,0.0,0.0,0.0,0.0,0.0,0.0,0.0,0.0,0.0,0.0
RapidMiner,|Big Data Analytics|Text Analytics|Machine Learning|Big Data|Predictive Analytics|Analytics|, Big Data Analytics ,5000000.0,operating,USA,MA,Boston,Cambridge,1.0,2007-01-01,2007-01-01,2007-Q1,2007,2013-11-04,2013-11-04,0.0,5000000.0,0.0,0.0,0.0,0.0,0.0,0.0,0.0,0.0,0.0,0.0,0.0,5000000.0,0.0,0.0,0.0,0.0,0.0,0.0,0.0
Reach7,|Natural Language Processing|Translation|Social Media Management|Social Media Marketing|, Social Media Marketing ,787030.0,operating,GBR,,London,London,2.0,2014-02-14,2014-02-01,2014-Q1,2014,2014-04-30,2014-07-07,787030.0,0.0,0.0,0.0,0.0,0.0,0.0,0.0,0.0,0.0,0.0,0.0,0.0,0.0,0.0,0.0,0.0,0.0,0.0,0.0,0.0
Reactful,|Direct Marketing|Machine Learning|Predictive Analytics|Analytics|, Predictive Analytics ,20000.0,operating,USA,CA,SF Bay Area,Palo Alto,1.0,2013-09-01,2013-09-01,2013-Q3,2013,2013-04-15,2013-04-15,20000.0,0.0,0.0,0.0,0.0,0.0,0.0,0.0,0.0,0.0,0.0,0.0,0.0,0.0,0.0,0.0,0.0,0.0,0.0,0.0,0.0
RelinkLabs,|Artificial Intelligence|Information Technology|Data Visualization|Business Intelligence|SaaS|, Data Visualization ,1140000.0,operating,NOR,,Oslo,Oslo,3.0,2013-03-01,2013-03-01,2013-Q1,2013,2013-11-26,2014-11-24,1030000.0,0.0,0.0,0.0,110000.0,0.0,0.0,0.0,0.0,0.0,0.0,0.0,0.0,0.0,0.0,0.0,0.0,0.0,0.0,0.0,0.0
SayHello LLC,|Natural Language Processing|Machine Learning|Chat|Social Media|, Chat ,300000.0,operating,,,,,1.0,2012-03-04,2012-03-01,2012-Q1,2012,2012-03-04,2012-03-04,0.0,0.0,0.0,0.0,0.0,0.0,300000.0,0.0,0.0,0.0,0.0,0.0,0.0,0.0,0.0,0.0,0.0,0.0,0.0,0.0,0.0
Scaled Inference,|Machine Learning|Artificial Intelligence|, Artificial Intelligence ,13600000.0,operating,,,,,2.0,2014-06-01,2014-06-01,2014-Q2,2014,2014-01-01,2014-10-01,5600000.0,8000000.0,0.0,0.0,0.0,0.0,0.0,0.0,0.0,0.0,0.0,0.0,0.0,8000000.0,0.0,0.0,0.0,0.0,0.0,0.0,0.0
Science Behind Sweat,|Machine Learning|Fitness|Big Data|Analytics|, Analytics ,50000.0,operating,USA,NY,"Albany, New York",Durham,1.0,2011-03-01,2011-03-01,2011-Q1,2011,2012-03-19,2012-03-19,50000.0,0.0,0.0,0.0,0.0,0.0,0.0,0.0,0.0,0.0,0.0,0.0,0.0,0.0,0.0,0.0,0.0,0.0,0.0,0.0,0.0
Seer,|Mobile|SaaS|Artificial Intelligence|Small and Medium Businesses|, Small and Medium Businesses ,,operating,,,,,1.0,,,,,2013-04-01,2013-04-01,0.0,0.0,0.0,0.0,0.0,0.0,0.0,0.0,0.0,0.0,0.0,0.0,0.0,0.0,0.0,0.0,0.0,0.0,0.0,0.0,0.0
Semantria,|Natural Language Processing|Small and Medium Businesses|Developer APIs|Data Mining|Text Analytics|Opinions|Software|, Opinions ,,acquired,USA,MA,Worcester,Amherst,1.0,2011-01-01,2011-01-01,2011-Q1,2011,2011-02-01,2011-02-01,0.0,0.0,0.0,0.0,0.0,0.0,0.0,0.0,0.0,0.0,0.0,0.0,0.0,0.0,0.0,0.0,0.0,0.0,0.0,0.0,0.0
Sense Networks,|Machine Learning|Location Based Services|Predictive Analytics|Advertising|Analytics|, Predictive Analytics ,9000000.0,acquired,USA,NY,New York City,New York,2.0,2003-05-01,2003-05-01,2003-Q2,2003,2008-04-01,2009-06-26,0.0,9000000.0,0.0,0.0,0.0,0.0,0.0,0.0,0.0,0.0,0.0,0.0,0.0,3000000.0,6000000.0,0.0,0.0,0.0,0.0,0.0,0.0
Sentisis,|Artificial Intelligence|Social Media|, Artificial Intelligence ,437320.0,operating,ESP,,Madrid,Madrid,2.0,2012-01-01,2012-01-01,2012-Q1,2012,2013-03-15,2014-02-14,180000.0,257320.0,0.0,0.0,0.0,0.0,0.0,0.0,0.0,0.0,0.0,0.0,0.0,0.0,0.0,0.0,0.0,0.0,0.0,0.0,0.0
SetuServ,|Machine Learning|Market Research|Natural Language Processing|Text Analytics|, Market Research ,160000.0,operating,USA,IL,Chicago,Chicago,1.0,,,,,2014-03-24,2014-03-24,0.0,160000.0,0.0,0.0,0.0,0.0,0.0,0.0,0.0,0.0,0.0,0.0,0.0,0.0,0.0,0.0,0.0,0.0,0.0,0.0,0.0
Sift Science,|Big Data|Fraud Detection|Machine Learning|E-Commerce|Security|, Security ,23600000.0,,USA,CA,SF Bay Area,San Francisco,3.0,2011-06-01,2011-06-01,2011-Q2,2011,2011-09-01,2014-05-14,1600000.0,22000000.0,0.0,0.0,0.0,0.0,0.0,0.0,0.0,0.0,0.0,0.0,0.0,4000000.0,18000000.0,0.0,0.0,0.0,0.0,0.0,0.0
Skytree,|Machine Learning|Big Data|Analytics|, Big Data ,21575000.0,operating,USA,CA,SF Bay Area,San Jose,4.0,2012-01-01,2012-01-01,2012-Q1,2012,2012-02-23,2013-04-30,1500000.0,19000000.0,0.0,0.0,0.0,1075000.0,0.0,0.0,0.0,0.0,0.0,0.0,0.0,18000000.0,0.0,0.0,0.0,0.0,0.0,0.0,0.0
Snapsort,|Automotive|Advice|Artificial Intelligence|Online Shopping|Curated Web|, Advice ,500000.0,operating,CAN,ON,Toronto,Waterloo,1.0,2009-08-01,2009-08-01,2009-Q3,2009,2011-08-19,2011-08-19,0.0,500000.0,0.0,0.0,0.0,0.0,0.0,0.0,0.0,0.0,0.0,0.0,0.0,0.0,0.0,0.0,0.0,0.0,0.0,0.0,0.0
So1,|Performance Marketing|Predictive Analytics|Fmcg|Artificial Intelligence|Consumer Goods|Big Data Analytics|Big Data|Software|, Big Data ,,,DEU,,Berlin,Berlin-baumschulenweg,1.0,2012-03-01,2012-03-01,2012-Q1,2012,2013-08-27,2013-08-27,0.0,0.0,0.0,0.0,0.0,0.0,0.0,0.0,0.0,0.0,0.0,0.0,0.0,0.0,0.0,0.0,0.0,0.0,0.0,0.0,0.0
Socure,|Machine Learning|Social Media|Security|, Security ,4700000.0,operating,USA,NY,New York City,New York,2.0,2012-09-01,2012-09-01,2012-Q3,2012,2014-03-01,2014-10-28,2200000.0,2500000.0,0.0,0.0,0.0,0.0,0.0,0.0,0.0,0.0,0.0,0.0,0.0,2500000.0,0.0,0.0,0.0,0.0,0.0,0.0,0.0
Sonda41,|Opinions|Natural Language Processing|Machine Learning|Reviews and Recommendations|SaaS|Social Media Monitoring|Social Media|Analytics|, Opinions ,,closed,USA,CA,SF Bay Area,Sunnyvale,1.0,2012-06-08,2012-06-01,2012-Q2,2012,2012-06-01,2012-06-01,0.0,0.0,0.0,0.0,0.0,0.0,0.0,0.0,0.0,0.0,0.0,0.0,0.0,0.0,0.0,0.0,0.0,0.0,0.0,0.0,0.0
Sophia Search,|Advertising|Brand Marketing|Retail Technology|Internet of Things|Internet|Mobile|Mobile Commerce|Mobile Shopping|Online Shopping|Shopping|Retail|E-Commerce|Artificial Intelligence|Semantic Search|Search|, Brand Marketing ,4900000.0,operating,USA,CA,SF Bay Area,San Francisco,3.0,2007-07-18,2007-07-01,2007-Q3,2007,2010-06-25,2014-11-04,0.0,3700000.0,0.0,0.0,0.0,0.0,1200000.0,0.0,0.0,0.0,0.0,0.0,0.0,3700000.0,0.0,0.0,0.0,0.0,0.0,0.0,0.0
SpeakGlobal,|Artificial Intelligence|Technology|Language Learning|Software|English Speaking World|Education|, Artificial Intelligence ,150000.0,operating,JPN,,JPN - Other,Kobe,2.0,2011-12-01,2011-12-01,2011-Q4,2011,2010-12-01,2014-11-01,150000.0,0.0,0.0,0.0,0.0,0.0,0.0,0.0,0.0,0.0,0.0,0.0,0.0,0.0,0.0,0.0,0.0,0.0,0.0,0.0,0.0
Speaktoit,|Assisitive Technology|Artificial Intelligence|Audio|Mobile|, Artificial Intelligence ,5600000.0,operating,USA,CA,SF Bay Area,Palo Alto,3.0,2010-10-01,2010-10-01,2010-Q4,2010,2012-05-25,2014-07-18,0.0,5600000.0,0.0,0.0,0.0,0.0,0.0,0.0,0.0,0.0,0.0,0.0,0.0,3000000.0,2600000.0,0.0,0.0,0.0,0.0,0.0,0.0
Steamsharp Technology,|World Domination|Sports|Machine Learning|Analytics|Big Data|Enterprise Software|, Analytics ,400000.0,operating,CAN,BC,Vancouver,Vancouver,1.0,2011-04-05,2011-04-01,2011-Q2,2011,2013-03-05,2013-03-05,0.0,0.0,0.0,0.0,0.0,0.0,400000.0,0.0,0.0,0.0,0.0,0.0,0.0,0.0,0.0,0.0,0.0,0.0,0.0,0.0,0.0
Storybricks,|Artificial Intelligence|Games|, Artificial Intelligence ,815000.0,operating,USA,CA,San Diego,San Diego,1.0,2010-03-01,2010-03-01,2010-Q1,2010,2014-01-17,2014-01-17,815000.0,0.0,0.0,0.0,0.0,0.0,0.0,0.0,0.0,0.0,0.0,0.0,0.0,0.0,0.0,0.0,0.0,0.0,0.0,0.0,0.0
Strands,|Artificial Intelligence|Software|Personal Finance|E-Commerce|Reviews and Recommendations|Personalization|, Software ,55000000.0,operating,ESP,,Barcelona,Barcelona,3.0,2003-10-01,2003-10-01,2003-Q4,2003,2006-03-01,2007-12-01,0.0,55000000.0,0.0,0.0,0.0,0.0,0.0,0.0,0.0,0.0,0.0,0.0,0.0,6000000.0,49000000.0,0.0,0.0,0.0,0.0,0.0,0.0
Summly,|Apps|iPhone|News|Natural Language Processing|Mobile|, iPhone ,1530000.0,acquired,GBR,,London,London,2.0,2011-06-01,2011-06-01,2011-Q2,2011,2011-09-13,2012-10-01,300000.0,1230000.0,0.0,0.0,0.0,0.0,0.0,0.0,0.0,0.0,0.0,0.0,0.0,0.0,0.0,0.0,0.0,0.0,0.0,0.0,0.0
Swarmforce,|Artificial Intelligence|Social Media|, Social Media ,350000.0,closed,USA,TX,Dallas,Dallas,1.0,2008-01-01,2008-01-01,2008-Q1,2008,2008-01-01,2008-01-01,350000.0,0.0,0.0,0.0,0.0,0.0,0.0,0.0,0.0,0.0,0.0,0.0,0.0,0.0,0.0,0.0,0.0,0.0,0.0,0.0,0.0
SwiftKey,|Android|Mobile Software Tools|Software|Natural Language Processing|Enterprise Software|, Enterprise Software ,21591233.0,operating,GBR,,London,London,4.0,2008-08-01,2008-08-01,2008-Q3,2008,2010-09-22,2013-09-04,1254000.0,20337233.0,0.0,0.0,0.0,0.0,0.0,0.0,0.0,0.0,0.0,0.0,0.0,2400000.0,17500000.0,0.0,0.0,0.0,0.0,0.0,0.0
Symptify,|Health Care|Artificial Intelligence|Software|, Health Care ,250000.0,operating,,,,,1.0,2012-01-01,2012-01-01,2012-Q1,2012,2013-07-12,2013-07-12,250000.0,0.0,0.0,0.0,0.0,0.0,0.0,0.0,0.0,0.0,0.0,0.0,0.0,0.0,0.0,0.0,0.0,0.0,0.0,0.0,0.0
Synapsify,|Content Discovery|Social Media|Publishing|Semantic Search|Predictive Analytics|Machine Learning|Artificial Intelligence|, Content Discovery ,1450000.0,operating,USA,MD,"Washington, D.C.",Bethesda,2.0,2012-01-01,2012-01-01,2012-Q1,2012,2013-02-26,2014-07-23,600000.0,850000.0,0.0,0.0,0.0,0.0,0.0,0.0,0.0,0.0,0.0,0.0,0.0,0.0,0.0,0.0,0.0,0.0,0.0,0.0,0.0
Tablefinder,|Startups|Artificial Intelligence|Online Reservations|Restaurants|Search|, Search ,506719.0,operating,SWE,,Gothenburg,Gothenburg,3.0,2006-03-16,2006-03-01,2006-Q1,2006,2006-03-16,2007-09-07,506719.0,0.0,0.0,0.0,0.0,0.0,0.0,0.0,0.0,0.0,0.0,0.0,0.0,0.0,0.0,0.0,0.0,0.0,0.0,0.0,0.0
Tamecco,|CRM|Loyalty Programs|Big Data Analytics|Social + Mobile + Local|Consumer Behavior|Artificial Intelligence|Mobile Commerce|Software|, Big Data Analytics ,2100000.0,operating,JPN,,Tokyo,Tokyo,2.0,2012-05-21,2012-05-01,2012-Q2,2012,2013-01-20,2014-03-12,2100000.0,0.0,0.0,0.0,0.0,0.0,0.0,0.0,0.0,0.0,0.0,0.0,0.0,0.0,0.0,0.0,0.0,0.0,0.0,0.0,0.0
Taptica,|Data Integration|Mobile Commerce|Machine Learning|Advertising|, Data Integration ,600000.0,acquired,USA,CA,SF Bay Area,San Francisco,2.0,2012-01-01,2012-01-01,2012-Q1,2012,2012-01-01,2013-08-01,0.0,0.0,0.0,0.0,0.0,0.0,600000.0,0.0,0.0,0.0,0.0,0.0,0.0,0.0,0.0,0.0,0.0,0.0,0.0,0.0,0.0
TechflakesGB,|Artificial Intelligence|Machine Learning|, Artificial Intelligence ,813241.0,operating,GBR,,Edinburgh,Edinburgh,1.0,2013-12-10,2013-12-01,2013-Q4,2013,2014-09-14,2014-09-14,813241.0,0.0,0.0,0.0,0.0,0.0,0.0,0.0,0.0,0.0,0.0,0.0,0.0,0.0,0.0,0.0,0.0,0.0,0.0,0.0,0.0
Tempo AI,|Apps|Artificial Intelligence|Machine Learning|Mobile|, Apps ,12500000.0,operating,USA,CA,SF Bay Area,Menlo Park,2.0,2011-08-01,2011-08-01,2011-Q3,2011,2011-12-01,2013-06-20,2500000.0,10000000.0,0.0,0.0,0.0,0.0,0.0,0.0,0.0,0.0,0.0,0.0,0.0,10000000.0,0.0,0.0,0.0,0.0,0.0,0.0,0.0
Texifter,|Social Media Monitoring|Machine Learning|Search|Natural Language Processing|Text Analytics|Enterprise Software|, Text Analytics ,180000.0,operating,USA,MA,Worcester,Amherst,1.0,2009-10-01,2009-10-01,2009-Q4,2009,2011-01-15,2011-01-15,180000.0,0.0,0.0,0.0,0.0,0.0,0.0,0.0,0.0,0.0,0.0,0.0,0.0,0.0,0.0,0.0,0.0,0.0,0.0,0.0,0.0
thesocialCV.com,|Natural Language Processing|Semantic Search|Social CRM|Search|, Natural Language Processing ,950000.0,operating,GBR,,London,London,1.0,2011-02-01,2011-02-01,2011-Q1,2011,2008-01-01,2008-01-01,0.0,950000.0,0.0,0.0,0.0,0.0,0.0,0.0,0.0,0.0,0.0,0.0,0.0,950000.0,0.0,0.0,0.0,0.0,0.0,0.0,0.0
Thoughtly,|Content Syndication|Content Discovery|Machine Learning|Artificial Intelligence|iOS|Software|, Machine Learning ,125000.0,operating,USA,IL,Chicago,Chicago,1.0,2012-10-01,2012-10-01,2012-Q4,2012,2013-12-10,2013-12-10,0.0,0.0,0.0,0.0,0.0,0.0,125000.0,0.0,0.0,0.0,0.0,0.0,0.0,0.0,0.0,0.0,0.0,0.0,0.0,0.0,0.0
Topicmarks,|Personalization|Knowledge Management|Natural Language Processing|Education|Curated Web|, Natural Language Processing ,150000.0,acquired,,,,,1.0,2009-01-01,2009-01-01,2009-Q1,2009,2011-03-18,2011-03-18,150000.0,0.0,0.0,0.0,0.0,0.0,0.0,0.0,0.0,0.0,0.0,0.0,0.0,0.0,0.0,0.0,0.0,0.0,0.0,0.0,0.0
Trampoline Systems,|Visualization|Natural Language Processing|Search|Enterprise Software|, Enterprise Software ,7669661.0,operating,GBR,,London,London,5.0,2003-10-01,2003-10-01,2003-Q4,2003,2003-10-01,2010-12-01,400000.0,6354000.0,0.0,0.0,0.0,0.0,915661.0,0.0,0.0,0.0,0.0,0.0,0.0,0.0,0.0,0.0,0.0,0.0,0.0,0.0,0.0
Treato,|Health Care|Natural Language Processing|Neuroscience|Big Data|Social Media|Pharmaceuticals|Health Care Information Technology|Health and Wellness|, Health Care ,14500000.0,operating,ISR,,Tel Aviv,Yehud,1.0,2008-10-01,2008-10-01,2008-Q4,2008,2013-04-23,2013-04-23,0.0,14500000.0,0.0,0.0,0.0,0.0,0.0,0.0,0.0,0.0,0.0,0.0,0.0,0.0,14500000.0,0.0,0.0,0.0,0.0,0.0,0.0
Treparel.com,|Machine Learning|Visualization|Search|Software|, Software ,,operating,NLD,,The Hague,Delft,1.0,2007-01-01,2007-01-01,2007-Q1,2007,2009-04-14,2009-04-14,0.0,0.0,0.0,0.0,0.0,0.0,0.0,0.0,0.0,0.0,0.0,0.0,0.0,0.0,0.0,0.0,0.0,0.0,0.0,0.0,0.0
Tryolabs,|Machine Learning|Natural Language Processing|Artificial Intelligence|Web Tools|Software|, Software ,,operating,URY,,Montevideo,Montevideo,1.0,2010-09-01,2010-09-01,2010-Q3,2010,2012-11-01,2012-11-01,0.0,0.0,0.0,0.0,0.0,0.0,0.0,0.0,0.0,0.0,0.0,0.0,0.0,0.0,0.0,0.0,0.0,0.0,0.0,0.0,0.0
Turing Inc.,|Biotechnology|Medical|Artificial Intelligence|, Artificial Intelligence ,1150000.0,operating,,,,,1.0,,,,,2014-06-25,2014-06-25,1150000.0,0.0,0.0,0.0,0.0,0.0,0.0,0.0,0.0,0.0,0.0,0.0,0.0,0.0,0.0,0.0,0.0,0.0,0.0,0.0,0.0
Ubi,|Natural Language Processing|Home Automation|Internet of Things|, Natural Language Processing ,635000.0,operating,CAN,ON,Toronto,Richmond Hill,1.0,2012-01-01,2012-01-01,2012-Q1,2012,2014-03-02,2014-03-02,0.0,0.0,0.0,0.0,0.0,0.0,635000.0,0.0,0.0,0.0,0.0,0.0,0.0,0.0,0.0,0.0,0.0,0.0,0.0,0.0,0.0
uBiome,|Quantified Self|Big Data|Machine Learning|Health Care|, Health Care ,4971193.0,operating,USA,CA,SF Bay Area,San Francisco,3.0,2013-01-01,2013-01-01,2013-Q1,2013,2012-11-16,2014-08-18,120000.0,4500000.0,0.0,0.0,0.0,0.0,0.0,0.0,0.0,0.0,0.0,0.0,351193.0,4500000.0,0.0,0.0,0.0,0.0,0.0,0.0,0.0
Ufora,|Cloud Computing|Big Data|Big Data Analytics|Machine Learning|Software|, Cloud Computing ,4000000.0,operating,USA,NY,New York City,New York,1.0,,,,,2011-04-25,2011-04-25,4000000.0,0.0,0.0,0.0,0.0,0.0,0.0,0.0,0.0,0.0,0.0,0.0,0.0,0.0,0.0,0.0,0.0,0.0,0.0,0.0,0.0
Unbabel,|Machine Learning|Crowdsourcing|Translation|, Translation ,1500000.0,operating,PRT,,Lisbon,Lisbon,1.0,2013-08-08,2013-08-01,2013-Q3,2013,2014-07-18,2014-07-18,1500000.0,0.0,0.0,0.0,0.0,0.0,0.0,0.0,0.0,0.0,0.0,0.0,0.0,0.0,0.0,0.0,0.0,0.0,0.0,0.0,0.0
Universal Robotics,|Big Data|Automotive|Robotics|Artificial Intelligence|Machine Learning|Software|, Big Data ,1302515.0,operating,USA,TN,Nashville,Nashville,1.0,,,,,2009-05-15,2009-05-15,0.0,1302515.0,0.0,0.0,0.0,0.0,0.0,0.0,0.0,0.0,0.0,0.0,0.0,0.0,0.0,0.0,0.0,0.0,0.0,0.0,0.0
Unsilo,|Natural Language Processing|Search|, Search ,1000000.0,operating,DNK,,Aarhus,Aarhus,2.0,2012-06-01,2012-06-01,2012-Q2,2012,2012-06-01,2013-09-26,1000000.0,0.0,0.0,0.0,0.0,0.0,0.0,0.0,0.0,0.0,0.0,0.0,0.0,0.0,0.0,0.0,0.0,0.0,0.0,0.0,0.0
Uprizer Labs,|Peer-to-Peer|Artificial Intelligence|Software|, Software ,5250000.0,operating,USA,TX,Austin,Austin,5.0,2008-01-01,2008-01-01,2008-Q1,2008,2001-02-19,2004-11-16,0.0,0.0,0.0,5250000.0,0.0,0.0,0.0,0.0,0.0,0.0,0.0,0.0,0.0,0.0,0.0,0.0,0.0,0.0,0.0,0.0,0.0
Utrip,|Artificial Intelligence|Optimization|Ediscovery|Travel|, Artificial Intelligence ,1150000.0,operating,USA,WA,Seattle,Seattle,2.0,2011-04-15,2011-04-01,2011-Q2,2011,2012-07-15,2014-04-22,1150000.0,0.0,0.0,0.0,0.0,0.0,0.0,0.0,0.0,0.0,0.0,0.0,0.0,0.0,0.0,0.0,0.0,0.0,0.0,0.0,0.0
valuescope,|Search|Identity|Freemium|Web Development|Natural Language Processing|Business Intelligence|Lead Generation|B2B|Sales and Marketing|Events|News|Analytics|, Events ,,operating,DEU,,Munich,Munich,1.0,2007-04-01,2007-04-01,2007-Q2,2007,2007-01-01,2007-01-01,0.0,0.0,0.0,0.0,0.0,0.0,0.0,0.0,0.0,0.0,0.0,0.0,0.0,0.0,0.0,0.0,0.0,0.0,0.0,0.0,0.0
Versus,|Price Comparison|Artificial Intelligence|Online Shopping|Hardware + Software|, Price Comparison ,3678640.0,operating,DEU,,Berlin,Berlin,2.0,2011-01-01,2011-01-01,2011-Q1,2011,2012-08-23,2013-05-15,878640.0,2800000.0,0.0,0.0,0.0,0.0,0.0,0.0,0.0,0.0,0.0,0.0,0.0,2800000.0,0.0,0.0,0.0,0.0,0.0,0.0,0.0
Voicebase,|Natural Language Processing|Big Data Analytics|Big Data|Data Mining|Speech Recognition|Enterprise Software|, Speech Recognition ,5700000.0,operating,USA,CA,SF Bay Area,San Francisco,2.0,2010-02-01,2010-02-01,2010-Q1,2010,2010-09-15,2013-07-30,0.0,5700000.0,0.0,0.0,0.0,0.0,0.0,0.0,0.0,0.0,0.0,0.0,0.0,700000.0,5000000.0,0.0,0.0,0.0,0.0,0.0,0.0
Voltari,|Real Time|Machine Learning|Ad Targeting|Analytics|Big Data|Predictive Analytics|Sales and Marketing|Mobile|Advertising|, Advertising ,273834120.0,operating,USA,NY,New York City,New York,5.0,2001-01-01,2001-01-01,2001-Q1,2001,2001-01-01,2008-01-02,0.0,16834120.0,0.0,0.0,0.0,0.0,0.0,0.0,257000000.0,0.0,0.0,0.0,0.0,5362120.0,11472000.0,0.0,0.0,0.0,0.0,0.0,0.0
vufind,|Image Recognition|E-Commerce Platforms|Mobile Commerce|E-Commerce|Artificial Intelligence|Computer Vision|Big Data|Analytics|Personalization|Predictive Analytics|Interest Graph|, Image Recognition ,930000.0,operating,USA,CA,SF Bay Area,Walnut Creek,3.0,2010-01-01,2010-01-01,2010-Q1,2010,2010-09-01,2012-07-01,680000.0,0.0,0.0,0.0,0.0,0.0,250000.0,0.0,0.0,0.0,0.0,0.0,0.0,0.0,0.0,0.0,0.0,0.0,0.0,0.0,0.0
Walkabout,|E-Commerce|Semantic Web|Artificial Intelligence|Messaging|, Messaging ,500000.0,operating,CAN,BC,Vancouver,Vancouver,1.0,2013-09-15,2013-09-01,2013-Q3,2013,2014-03-20,2014-03-20,0.0,0.0,0.0,0.0,0.0,0.0,500000.0,0.0,0.0,0.0,0.0,0.0,0.0,0.0,0.0,0.0,0.0,0.0,0.0,0.0,0.0
wavecatch,|Machine Learning|Hedge Funds|Investment Management|Social Media|Analytics|, Investment Management ,520000.0,operating,SGP,,Singapore,Singapore,2.0,2011-03-01,2011-03-01,2011-Q1,2011,2011-08-01,2012-04-01,220000.0,0.0,0.0,0.0,0.0,0.0,300000.0,0.0,0.0,0.0,0.0,0.0,0.0,0.0,0.0,0.0,0.0,0.0,0.0,0.0,0.0
Whodini,|Natural Language Processing|Enterprise Software|, Natural Language Processing ,3800000.0,,USA,CA,SF Bay Area,Los Altos,2.0,2010-09-01,2010-09-01,2010-Q3,2010,2011-05-06,2012-01-01,2000000.0,0.0,0.0,0.0,1800000.0,0.0,0.0,0.0,0.0,0.0,0.0,0.0,0.0,0.0,0.0,0.0,0.0,0.0,0.0,0.0,0.0
wise.io,|Big Data|Enterprise Software|Machine Learning|Software|, Machine Learning ,2614554.0,operating,USA,CA,SF Bay Area,Berkeley,3.0,2012-05-21,2012-05-01,2012-Q2,2012,2012-11-01,2014-03-17,28000.0,2586554.0,0.0,0.0,0.0,0.0,0.0,0.0,0.0,0.0,0.0,0.0,0.0,2586554.0,0.0,0.0,0.0,0.0,0.0,0.0,0.0
wiseri,|Gamification|Recruiting|Crowdsourcing|Artificial Intelligence|Employment|Search|, Gamification ,163524.0,operating,ESP,,San Sebastián De Los Reyes,San Sebastián De Los Reyes,1.0,2010-01-01,2010-01-01,2010-Q1,2010,2011-11-01,2011-11-01,163524.0,0.0,0.0,0.0,0.0,0.0,0.0,0.0,0.0,0.0,0.0,0.0,0.0,0.0,0.0,0.0,0.0,0.0,0.0,0.0,0.0
Xplr Software,|Data Visualization|Machine Learning|Big Data|Artificial Intelligence|Analytics|, Data Visualization ,150000.0,operating,USA,NY,New York City,New York,1.0,2012-01-01,2012-01-01,2012-Q1,2012,2012-08-01,2012-08-01,150000.0,0.0,0.0,0.0,0.0,0.0,0.0,0.0,0.0,0.0,0.0,0.0,0.0,0.0,0.0,0.0,0.0,0.0,0.0,0.0,0.0
Ylopo,|Machine Learning|Marketing Automation|, Marketing Automation ,,operating,USA,CA,Los Angeles,Los Angeles,1.0,2013-01-01,2013-01-01,2013-Q1,2013,2014-06-04,2014-06-04,0.0,0.0,0.0,0.0,0.0,0.0,0.0,0.0,0.0,0.0,0.0,0.0,0.0,0.0,0.0,0.0,0.0,0.0,0.0,0.0,0.0
Yones,|Publishing|Machine Learning|Reviews and Recommendations|Personalization|News|, News ,125000.0,operating,,,,,1.0,,,,,2013-11-01,2013-11-01,125000.0,0.0,0.0,0.0,0.0,0.0,0.0,0.0,0.0,0.0,0.0,0.0,0.0,0.0,0.0,0.0,0.0,0.0,0.0,0.0,0.0
Zauber,|Opinions|Social Television|Mobile|Semantic Web|Analytics|Machine Learning|Big Data|Software|, Software ,1000000.0,operating,ARG,,Buenos Aires,Buenos Aires,1.0,2007-02-01,2007-02-01,2007-Q1,2007,2012-04-24,2012-04-24,0.0,1000000.0,0.0,0.0,0.0,0.0,0.0,0.0,0.0,0.0,0.0,0.0,0.0,0.0,0.0,0.0,0.0,0.0,0.0,0.0,0.0
